﻿<?xml version="1.0" encoding="utf-8"?>
<feed xmlns:blogChannel="http://backend.userland.com/blogChannelModule" xmlns:dc="http://purl.org/dc/elements/1.1/" xmlns:pingback="http://madskills.com/public/xml/rss/module/pingback/" xmlns:trackback="http://madskills.com/public/xml/rss/module/trackback/" xmlns:wfw="http://wellformedweb.org/CommentAPI/" xmlns:slash="http://purl.org/rss/1.0/modules/slash/" xmlns:geo="http://www.w3.org/2003/01/geo/wgs84_pos#" xmlns:betag="http://dotnetblogengine.net/schemas/tags" xmlns="http://www.w3.org/2005/Atom">
  <id>https://theonetechnologies.com/blog/</id>
  <title>The One Technologies - SmtpClient in .net 2.0 does not close connection to mail server</title>
  <updated>2012-06-04T03:41:17+00:00</updated>
  <link href="https://theonetechnologies.com/blog/" />
  <link rel="self" href="https://theonetechnologies.com/blog/syndication.axd?format=atom" />
  <subtitle>ASP.NET, IIS, Web Development Outsourcing</subtitle>
  <author>
    <name>The One Technologies</name>
  </author>
  <generator uri="http://dotnetblogengine.net/" version="1.0.0.0">BlogEngine.Net Syndication Generator</generator>
  <blogChannel:blogRoll>https://theonetechnologies.com/blog/opml.axd</blogChannel:blogRoll>
  <dc:creator>The One Technologies</dc:creator>
  <dc:description>ASP.NET, IIS, Web Development Outsourcing</dc:description>
  <dc:language>en-US</dc:language>
  <dc:title>The One Technologies</dc:title>
  <geo:lat>0.000000</geo:lat>
  <geo:long>0.000000</geo:long>
  <entry>
    <id>https://theonetechnologies.com/blog/post/smtpclient-in-net-20-does-not-close-connection-to-mail-server#id_4c21b570-0be7-465c-aae1-f5ce3d2a87ee</id>
    <title>outsourcing consultants on &lt;a href="/blog/post/smtpclient-in-net-20-does-not-close-connection-to-mail-server#id_4c21b570-0be7-465c-aae1-f5ce3d2a87ee" alt="/blog/post/smtpclient-in-net-20-does-not-close-connection-to-mail-server#id_4c21b570-0be7-465c-aae1-f5ce3d2a87ee"&gt;SmtpClient in .net 2.0 does not close connection to mail server&lt;/a&gt;</title>
    <updated>2012-06-04T03:41:17+00:00</updated>
    <link rel="self" href="https://theonetechnologies.com/blog/post/smtpclient-in-net-20-does-not-close-connection-to-mail-server#id_4c21b570-0be7-465c-aae1-f5ce3d2a87ee" />
    <link href="https://theonetechnologies.com/blog/post/smtpclient-in-net-20-does-not-close-connection-to-mail-server#id_4c21b570-0be7-465c-aae1-f5ce3d2a87ee" />
    <author>
      <name>outsourcing consultants</name>
    </author>
    <summary type="html">If you are  a beginner in IT outsourcing then this list is for you. </summary>
    <published>2012-06-04T03:41:17+00:00</published>
    <link rel="related" href="https://theonetechnologies.com/blog/post/smtpclient-in-net-20-does-not-close-connection-to-mail-server#id_4c21b570-0be7-465c-aae1-f5ce3d2a87ee#comment" />
    <dc:publisher>outsourcing consultants</dc:publisher>
    <pingback:server>https://theonetechnologies.com/blog/pingback.axd</pingback:server>
    <pingback:target>https://theonetechnologies.com/blog/post/smtpclient-in-net-20-does-not-close-connection-to-mail-server#id_4c21b570-0be7-465c-aae1-f5ce3d2a87ee</pingback:target>
    <wfw:comment>https://theonetechnologies.com/blog/post/smtpclient-in-net-20-does-not-close-connection-to-mail-server#id_4c21b570-0be7-465c-aae1-f5ce3d2a87ee#comment</wfw:comment>
    <wfw:commentRss>https://theonetechnologies.com/blog/syndication.axd?post=4c21b570-0be7-465c-aae1-f5ce3d2a87ee</wfw:commentRss>
  </entry>
  <entry>
    <id>https://theonetechnologies.com/blog/post/smtpclient-in-net-20-does-not-close-connection-to-mail-server#id_0d91e873-a1c1-4c21-986b-9fc84b897b29</id>
    <title>&lt;a class="comment_auth" href="http://mintknow.biz/zeidler/2014/09/11/errordoes-not-enclose-a-construction-for-and-no-progression-method/" alt="http://mintknow.biz/zeidler/2014/09/11/errordoes-not-enclose-a-construction-for-and-no-progression-method/" title="http://mintknow.biz/zeidler/2014/09/11/errordoes-not-enclose-a-construction-for-and-no-progression-method/"&gt;mintknow.biz&lt;/a&gt; on &lt;a href="/blog/post/smtpclient-in-net-20-does-not-close-connection-to-mail-server#id_0d91e873-a1c1-4c21-986b-9fc84b897b29" alt="/blog/post/smtpclient-in-net-20-does-not-close-connection-to-mail-server#id_0d91e873-a1c1-4c21-986b-9fc84b897b29"&gt;SmtpClient in .net 2.0 does not close connection to mail server&lt;/a&gt;</title>
    <updated>2014-09-11T14:47:33+00:00</updated>
    <link rel="self" href="https://theonetechnologies.com/blog/post/smtpclient-in-net-20-does-not-close-connection-to-mail-server#id_0d91e873-a1c1-4c21-986b-9fc84b897b29" />
    <link href="https://theonetechnologies.com/blog/post/smtpclient-in-net-20-does-not-close-connection-to-mail-server#id_0d91e873-a1c1-4c21-986b-9fc84b897b29" />
    <author>
      <name>mintknow.biz</name>
    </author>
    <summary type="html">Pingback from mintknow.biz

error:does not enclose a construction for &amp;#039;&amp;#039; and no progression method - Zeidler</summary>
    <published>2014-09-11T14:47:33+00:00</published>
    <link rel="related" href="https://theonetechnologies.com/blog/post/smtpclient-in-net-20-does-not-close-connection-to-mail-server#id_0d91e873-a1c1-4c21-986b-9fc84b897b29#comment" />
    <dc:publisher>mintknow.biz</dc:publisher>
    <pingback:server>https://theonetechnologies.com/blog/pingback.axd</pingback:server>
    <pingback:target>https://theonetechnologies.com/blog/post/smtpclient-in-net-20-does-not-close-connection-to-mail-server#id_0d91e873-a1c1-4c21-986b-9fc84b897b29</pingback:target>
    <wfw:comment>https://theonetechnologies.com/blog/post/smtpclient-in-net-20-does-not-close-connection-to-mail-server#id_0d91e873-a1c1-4c21-986b-9fc84b897b29#comment</wfw:comment>
    <wfw:commentRss>https://theonetechnologies.com/blog/syndication.axd?post=0d91e873-a1c1-4c21-986b-9fc84b897b29</wfw:commentRss>
  </entry>
  <entry>
    <id>https://theonetechnologies.com/blog/post/smtpclient-in-net-20-does-not-close-connection-to-mail-server#id_21ea2d4f-bf70-408d-9575-cabd2c56800b</id>
    <title>&lt;a class="comment_auth" href="http://se4rbt.org/wordpress/zelkin/2014/12/08/smtp-quit-responses-dont-close-connections-to-iis-service/" alt="http://se4rbt.org/wordpress/zelkin/2014/12/08/smtp-quit-responses-dont-close-connections-to-iis-service/" title="http://se4rbt.org/wordpress/zelkin/2014/12/08/smtp-quit-responses-dont-close-connections-to-iis-service/"&gt;se4rbt.org&lt;/a&gt; on &lt;a href="/blog/post/smtpclient-in-net-20-does-not-close-connection-to-mail-server#id_21ea2d4f-bf70-408d-9575-cabd2c56800b" alt="/blog/post/smtpclient-in-net-20-does-not-close-connection-to-mail-server#id_21ea2d4f-bf70-408d-9575-cabd2c56800b"&gt;SmtpClient in .net 2.0 does not close connection to mail server&lt;/a&gt;</title>
    <updated>2014-12-08T04:23:21+00:00</updated>
    <link rel="self" href="https://theonetechnologies.com/blog/post/smtpclient-in-net-20-does-not-close-connection-to-mail-server#id_21ea2d4f-bf70-408d-9575-cabd2c56800b" />
    <link href="https://theonetechnologies.com/blog/post/smtpclient-in-net-20-does-not-close-connection-to-mail-server#id_21ea2d4f-bf70-408d-9575-cabd2c56800b" />
    <author>
      <name>se4rbt.org</name>
    </author>
    <summary type="html">Pingback from se4rbt.org

SMTP Quit responses don&amp;#8217;t close connections to IIS service | Zelkin Answers</summary>
    <published>2014-12-08T04:23:21+00:00</published>
    <link rel="related" href="https://theonetechnologies.com/blog/post/smtpclient-in-net-20-does-not-close-connection-to-mail-server#id_21ea2d4f-bf70-408d-9575-cabd2c56800b#comment" />
    <dc:publisher>se4rbt.org</dc:publisher>
    <pingback:server>https://theonetechnologies.com/blog/pingback.axd</pingback:server>
    <pingback:target>https://theonetechnologies.com/blog/post/smtpclient-in-net-20-does-not-close-connection-to-mail-server#id_21ea2d4f-bf70-408d-9575-cabd2c56800b</pingback:target>
    <wfw:comment>https://theonetechnologies.com/blog/post/smtpclient-in-net-20-does-not-close-connection-to-mail-server#id_21ea2d4f-bf70-408d-9575-cabd2c56800b#comment</wfw:comment>
    <wfw:commentRss>https://theonetechnologies.com/blog/syndication.axd?post=21ea2d4f-bf70-408d-9575-cabd2c56800b</wfw:commentRss>
  </entry>
  <entry>
    <id>https://theonetechnologies.com/blog/post/smtpclient-in-net-20-does-not-close-connection-to-mail-server#id_100cf28e-c727-41c7-b144-29873bdb1562</id>
    <title>Steve Johnson on &lt;a href="/blog/post/smtpclient-in-net-20-does-not-close-connection-to-mail-server#id_100cf28e-c727-41c7-b144-29873bdb1562" alt="/blog/post/smtpclient-in-net-20-does-not-close-connection-to-mail-server#id_100cf28e-c727-41c7-b144-29873bdb1562"&gt;SmtpClient in .net 2.0 does not close connection to mail server&lt;/a&gt;</title>
    <updated>2016-08-16T13:48:17+00:00</updated>
    <link rel="self" href="https://theonetechnologies.com/blog/post/smtpclient-in-net-20-does-not-close-connection-to-mail-server#id_100cf28e-c727-41c7-b144-29873bdb1562" />
    <link href="https://theonetechnologies.com/blog/post/smtpclient-in-net-20-does-not-close-connection-to-mail-server#id_100cf28e-c727-41c7-b144-29873bdb1562" />
    <author>
      <name>Steve Johnson</name>
    </author>
    <summary type="html">This is useful information.
Dispose method has been added in .Net 4.0 which sends QUIT command to Mail server</summary>
    <published>2016-08-16T13:48:17+00:00</published>
    <link rel="related" href="https://theonetechnologies.com/blog/post/smtpclient-in-net-20-does-not-close-connection-to-mail-server#id_100cf28e-c727-41c7-b144-29873bdb1562#comment" />
    <dc:publisher>Steve Johnson</dc:publisher>
    <pingback:server>https://theonetechnologies.com/blog/pingback.axd</pingback:server>
    <pingback:target>https://theonetechnologies.com/blog/post/smtpclient-in-net-20-does-not-close-connection-to-mail-server#id_100cf28e-c727-41c7-b144-29873bdb1562</pingback:target>
    <wfw:comment>https://theonetechnologies.com/blog/post/smtpclient-in-net-20-does-not-close-connection-to-mail-server#id_100cf28e-c727-41c7-b144-29873bdb1562#comment</wfw:comment>
    <wfw:commentRss>https://theonetechnologies.com/blog/syndication.axd?post=100cf28e-c727-41c7-b144-29873bdb1562</wfw:commentRss>
  </entry>
</feed>