﻿<?xml version="1.0" encoding="utf-8"?>
<feed xmlns:blogChannel="http://backend.userland.com/blogChannelModule" xmlns:dc="http://purl.org/dc/elements/1.1/" xmlns:pingback="http://madskills.com/public/xml/rss/module/pingback/" xmlns:trackback="http://madskills.com/public/xml/rss/module/trackback/" xmlns:wfw="http://wellformedweb.org/CommentAPI/" xmlns:slash="http://purl.org/rss/1.0/modules/slash/" xmlns:geo="http://www.w3.org/2003/01/geo/wgs84_pos#" xmlns:betag="http://dotnetblogengine.net/schemas/tags" xmlns="http://www.w3.org/2005/Atom">
  <id>https://theonetechnologies.com/blog/</id>
  <title>The One Technologies - Integration of Bing search API in ASP.NET</title>
  <updated>2012-08-12T03:06:18+00:00</updated>
  <link href="https://theonetechnologies.com/blog/" />
  <link rel="self" href="https://theonetechnologies.com/blog/syndication.axd?format=atom" />
  <subtitle>ASP.NET, IIS, Web Development Outsourcing</subtitle>
  <author>
    <name>The One Technologies</name>
  </author>
  <generator uri="http://dotnetblogengine.net/" version="1.0.0.0">BlogEngine.Net Syndication Generator</generator>
  <blogChannel:blogRoll>https://theonetechnologies.com/blog/opml.axd</blogChannel:blogRoll>
  <dc:creator>The One Technologies</dc:creator>
  <dc:description>ASP.NET, IIS, Web Development Outsourcing</dc:description>
  <dc:language>en-US</dc:language>
  <dc:title>The One Technologies</dc:title>
  <geo:lat>0.000000</geo:lat>
  <geo:long>0.000000</geo:long>
  <entry>
    <id>https://theonetechnologies.com/blog/post/integration-of-bing-search-api-in-aspnet#id_f82b8482-9056-4f31-ad07-e315360aa7d7</id>
    <title>SEO Resources on &lt;a href="/blog/post/integration-of-bing-search-api-in-aspnet#id_f82b8482-9056-4f31-ad07-e315360aa7d7" alt="/blog/post/integration-of-bing-search-api-in-aspnet#id_f82b8482-9056-4f31-ad07-e315360aa7d7"&gt;Integration of Bing search API in ASP.NET&lt;/a&gt;</title>
    <updated>2012-08-12T03:06:18+00:00</updated>
    <link rel="self" href="https://theonetechnologies.com/blog/post/integration-of-bing-search-api-in-aspnet#id_f82b8482-9056-4f31-ad07-e315360aa7d7" />
    <link href="https://theonetechnologies.com/blog/post/integration-of-bing-search-api-in-aspnet#id_f82b8482-9056-4f31-ad07-e315360aa7d7" />
    <author>
      <name>SEO Resources</name>
    </author>
    <summary type="html">You should take part in a contest for one of the best blogs on the web. I will recommend this site!</summary>
    <published>2012-08-12T03:06:18+00:00</published>
    <link rel="related" href="https://theonetechnologies.com/blog/post/integration-of-bing-search-api-in-aspnet#id_f82b8482-9056-4f31-ad07-e315360aa7d7#comment" />
    <dc:publisher>SEO Resources</dc:publisher>
    <pingback:server>https://theonetechnologies.com/blog/pingback.axd</pingback:server>
    <pingback:target>https://theonetechnologies.com/blog/post/integration-of-bing-search-api-in-aspnet#id_f82b8482-9056-4f31-ad07-e315360aa7d7</pingback:target>
    <wfw:comment>https://theonetechnologies.com/blog/post/integration-of-bing-search-api-in-aspnet#id_f82b8482-9056-4f31-ad07-e315360aa7d7#comment</wfw:comment>
    <wfw:commentRss>https://theonetechnologies.com/blog/syndication.axd?post=f82b8482-9056-4f31-ad07-e315360aa7d7</wfw:commentRss>
  </entry>
  <entry>
    <id>https://theonetechnologies.com/blog/post/integration-of-bing-search-api-in-aspnet#id_a550e5b3-514c-4008-a752-fbd6005bf89f</id>
    <title>Pozycjonowanie Stron on &lt;a href="/blog/post/integration-of-bing-search-api-in-aspnet#id_a550e5b3-514c-4008-a752-fbd6005bf89f" alt="/blog/post/integration-of-bing-search-api-in-aspnet#id_a550e5b3-514c-4008-a752-fbd6005bf89f"&gt;Integration of Bing search API in ASP.NET&lt;/a&gt;</title>
    <updated>2012-08-13T03:45:33+00:00</updated>
    <link rel="self" href="https://theonetechnologies.com/blog/post/integration-of-bing-search-api-in-aspnet#id_a550e5b3-514c-4008-a752-fbd6005bf89f" />
    <link href="https://theonetechnologies.com/blog/post/integration-of-bing-search-api-in-aspnet#id_a550e5b3-514c-4008-a752-fbd6005bf89f" />
    <author>
      <name>Pozycjonowanie Stron</name>
    </author>
    <summary type="html">I would declare that many of us visitors actually are truly blessed to be in a decent place with very many special individuals with useful guidelines. I feel somewhat lucky to have encountered the webpages and look forward to some more brilliant moments reading here. Thanks once again for everything.</summary>
    <published>2012-08-13T03:45:33+00:00</published>
    <link rel="related" href="https://theonetechnologies.com/blog/post/integration-of-bing-search-api-in-aspnet#id_a550e5b3-514c-4008-a752-fbd6005bf89f#comment" />
    <dc:publisher>Pozycjonowanie Stron</dc:publisher>
    <pingback:server>https://theonetechnologies.com/blog/pingback.axd</pingback:server>
    <pingback:target>https://theonetechnologies.com/blog/post/integration-of-bing-search-api-in-aspnet#id_a550e5b3-514c-4008-a752-fbd6005bf89f</pingback:target>
    <wfw:comment>https://theonetechnologies.com/blog/post/integration-of-bing-search-api-in-aspnet#id_a550e5b3-514c-4008-a752-fbd6005bf89f#comment</wfw:comment>
    <wfw:commentRss>https://theonetechnologies.com/blog/syndication.axd?post=a550e5b3-514c-4008-a752-fbd6005bf89f</wfw:commentRss>
  </entry>
</feed>