﻿<?xml version="1.0" encoding="utf-8"?>
<feed xmlns:blogChannel="http://backend.userland.com/blogChannelModule" xmlns:dc="http://purl.org/dc/elements/1.1/" xmlns:pingback="http://madskills.com/public/xml/rss/module/pingback/" xmlns:trackback="http://madskills.com/public/xml/rss/module/trackback/" xmlns:wfw="http://wellformedweb.org/CommentAPI/" xmlns:slash="http://purl.org/rss/1.0/modules/slash/" xmlns:geo="http://www.w3.org/2003/01/geo/wgs84_pos#" xmlns:betag="http://dotnetblogengine.net/schemas/tags" xmlns="http://www.w3.org/2005/Atom">
  <id>https://theonetechnologies.com/blog/</id>
  <title>The One Technologies - ASP.NET - Signin with Google plus using Google Plus API - Part 1</title>
  <updated>2013-08-16T06:11:23+00:00</updated>
  <link href="https://theonetechnologies.com/blog/" />
  <link rel="self" href="https://theonetechnologies.com/blog/syndication.axd?format=atom" />
  <subtitle>ASP.NET, IIS, Web Development Outsourcing</subtitle>
  <author>
    <name>The One Technologies</name>
  </author>
  <generator uri="http://dotnetblogengine.net/" version="1.0.0.0">BlogEngine.Net Syndication Generator</generator>
  <blogChannel:blogRoll>https://theonetechnologies.com/blog/opml.axd</blogChannel:blogRoll>
  <dc:creator>The One Technologies</dc:creator>
  <dc:description>ASP.NET, IIS, Web Development Outsourcing</dc:description>
  <dc:language>en-US</dc:language>
  <dc:title>The One Technologies</dc:title>
  <geo:lat>0.000000</geo:lat>
  <geo:long>0.000000</geo:long>
  <entry>
    <id>https://theonetechnologies.com/blog/post/asp-net-signin-with-google-plus-using-google-plus-api-part-1#id_f7878561-d78d-453d-9c27-88f8ef05663a</id>
    <title>&lt;a class="comment_auth" href="https://theonetechnologies.com/blog/post/aspnet-signin-with-google-plus-using-google-plus-api-part-2" alt="https://theonetechnologies.com/blog/post/aspnet-signin-with-google-plus-using-google-plus-api-part-2" title="https://theonetechnologies.com/blog/post/aspnet-signin-with-google-plus-using-google-plus-api-part-2"&gt;The One Technologies&lt;/a&gt; on &lt;a href="/blog/post/asp-net-signin-with-google-plus-using-google-plus-api-part-1#id_f7878561-d78d-453d-9c27-88f8ef05663a" alt="/blog/post/asp-net-signin-with-google-plus-using-google-plus-api-part-1#id_f7878561-d78d-453d-9c27-88f8ef05663a"&gt;ASP.NET - Signin with Google plus using Google Plus API - Part 1&lt;/a&gt;</title>
    <updated>2013-08-16T06:11:23+00:00</updated>
    <link rel="self" href="https://theonetechnologies.com/blog/post/asp-net-signin-with-google-plus-using-google-plus-api-part-1#id_f7878561-d78d-453d-9c27-88f8ef05663a" />
    <link href="https://theonetechnologies.com/blog/post/asp-net-signin-with-google-plus-using-google-plus-api-part-1#id_f7878561-d78d-453d-9c27-88f8ef05663a" />
    <author>
      <name>The One Technologies</name>
    </author>
    <summary type="html">ASP.NET - Signin with Google plus using Google Plus API - Part 2

ASP.NET - Signin with Google plus using Google Plus API - Part 2</summary>
    <published>2013-08-16T06:11:23+00:00</published>
    <link rel="related" href="https://theonetechnologies.com/blog/post/asp-net-signin-with-google-plus-using-google-plus-api-part-1#id_f7878561-d78d-453d-9c27-88f8ef05663a#comment" />
    <dc:publisher>The One Technologies</dc:publisher>
    <pingback:server>https://theonetechnologies.com/blog/pingback.axd</pingback:server>
    <pingback:target>https://theonetechnologies.com/blog/post/asp-net-signin-with-google-plus-using-google-plus-api-part-1#id_f7878561-d78d-453d-9c27-88f8ef05663a</pingback:target>
    <wfw:comment>https://theonetechnologies.com/blog/post/asp-net-signin-with-google-plus-using-google-plus-api-part-1#id_f7878561-d78d-453d-9c27-88f8ef05663a#comment</wfw:comment>
    <wfw:commentRss>https://theonetechnologies.com/blog/syndication.axd?post=f7878561-d78d-453d-9c27-88f8ef05663a</wfw:commentRss>
  </entry>
</feed>