﻿<?xml version="1.0" encoding="utf-8"?>
<feed xmlns:blogChannel="http://backend.userland.com/blogChannelModule" xmlns:dc="http://purl.org/dc/elements/1.1/" xmlns:pingback="http://madskills.com/public/xml/rss/module/pingback/" xmlns:trackback="http://madskills.com/public/xml/rss/module/trackback/" xmlns:wfw="http://wellformedweb.org/CommentAPI/" xmlns:slash="http://purl.org/rss/1.0/modules/slash/" xmlns:geo="http://www.w3.org/2003/01/geo/wgs84_pos#" xmlns:betag="http://dotnetblogengine.net/schemas/tags" xmlns="http://www.w3.org/2005/Atom">
  <id>https://theonetechnologies.com/blog/</id>
  <title>The One Technologies - Benefits of using Umbraco for Website development</title>
  <updated>2014-07-18T23:35:23+00:00</updated>
  <link href="https://theonetechnologies.com/blog/" />
  <link rel="self" href="https://theonetechnologies.com/blog/syndication.axd?format=atom" />
  <subtitle>ASP.NET, IIS, Web Development Outsourcing</subtitle>
  <author>
    <name>The One Technologies</name>
  </author>
  <generator uri="http://dotnetblogengine.net/" version="1.0.0.0">BlogEngine.Net Syndication Generator</generator>
  <blogChannel:blogRoll>https://theonetechnologies.com/blog/opml.axd</blogChannel:blogRoll>
  <dc:creator>The One Technologies</dc:creator>
  <dc:description>ASP.NET, IIS, Web Development Outsourcing</dc:description>
  <dc:language>en-US</dc:language>
  <dc:title>The One Technologies</dc:title>
  <geo:lat>0.000000</geo:lat>
  <geo:long>0.000000</geo:long>
  <entry>
    <id>https://theonetechnologies.com/blog/post/benefits-of-using-umbraco-for-website-development#id_62e27bdf-f100-4f57-91ff-add7590cfe92</id>
    <title>Ryan Tesla on &lt;a href="/blog/post/benefits-of-using-umbraco-for-website-development#id_62e27bdf-f100-4f57-91ff-add7590cfe92" alt="/blog/post/benefits-of-using-umbraco-for-website-development#id_62e27bdf-f100-4f57-91ff-add7590cfe92"&gt;Benefits of using Umbraco for Website development&lt;/a&gt;</title>
    <updated>2014-07-18T23:35:23+00:00</updated>
    <link rel="self" href="https://theonetechnologies.com/blog/post/benefits-of-using-umbraco-for-website-development#id_62e27bdf-f100-4f57-91ff-add7590cfe92" />
    <link href="https://theonetechnologies.com/blog/post/benefits-of-using-umbraco-for-website-development#id_62e27bdf-f100-4f57-91ff-add7590cfe92" />
    <author>
      <name>Ryan Tesla</name>
    </author>
    <summary type="html">I&amp;#39;ve been using Umbraco for my e-commerce shop since version 4.0, so far the experience is great.
Recently I updated its version to 7.0, which supports responsive templates. The Advantage of using this kind of readymade CMS is, you get the updates free of cost and stay up to date with the changing world.</summary>
    <published>2014-07-18T23:35:23+00:00</published>
    <link rel="related" href="https://theonetechnologies.com/blog/post/benefits-of-using-umbraco-for-website-development#id_62e27bdf-f100-4f57-91ff-add7590cfe92#comment" />
    <dc:publisher>Ryan Tesla</dc:publisher>
    <pingback:server>https://theonetechnologies.com/blog/pingback.axd</pingback:server>
    <pingback:target>https://theonetechnologies.com/blog/post/benefits-of-using-umbraco-for-website-development#id_62e27bdf-f100-4f57-91ff-add7590cfe92</pingback:target>
    <wfw:comment>https://theonetechnologies.com/blog/post/benefits-of-using-umbraco-for-website-development#id_62e27bdf-f100-4f57-91ff-add7590cfe92#comment</wfw:comment>
    <wfw:commentRss>https://theonetechnologies.com/blog/syndication.axd?post=62e27bdf-f100-4f57-91ff-add7590cfe92</wfw:commentRss>
  </entry>
  <entry>
    <id>https://theonetechnologies.com/blog/post/benefits-of-using-umbraco-for-website-development#id_712bd6f8-8f81-4362-9f04-3c3716b99206</id>
    <title>Stephen Cleark on &lt;a href="/blog/post/benefits-of-using-umbraco-for-website-development#id_712bd6f8-8f81-4362-9f04-3c3716b99206" alt="/blog/post/benefits-of-using-umbraco-for-website-development#id_712bd6f8-8f81-4362-9f04-3c3716b99206"&gt;Benefits of using Umbraco for Website development&lt;/a&gt;</title>
    <updated>2014-07-18T23:35:35+00:00</updated>
    <link rel="self" href="https://theonetechnologies.com/blog/post/benefits-of-using-umbraco-for-website-development#id_712bd6f8-8f81-4362-9f04-3c3716b99206" />
    <link href="https://theonetechnologies.com/blog/post/benefits-of-using-umbraco-for-website-development#id_712bd6f8-8f81-4362-9f04-3c3716b99206" />
    <author>
      <name>Stephen Cleark</name>
    </author>
    <summary type="html">Very useful Umbraco blog. I would like to develop some Umbraco websites. </summary>
    <published>2014-07-18T23:35:35+00:00</published>
    <link rel="related" href="https://theonetechnologies.com/blog/post/benefits-of-using-umbraco-for-website-development#id_712bd6f8-8f81-4362-9f04-3c3716b99206#comment" />
    <dc:publisher>Stephen Cleark</dc:publisher>
    <pingback:server>https://theonetechnologies.com/blog/pingback.axd</pingback:server>
    <pingback:target>https://theonetechnologies.com/blog/post/benefits-of-using-umbraco-for-website-development#id_712bd6f8-8f81-4362-9f04-3c3716b99206</pingback:target>
    <wfw:comment>https://theonetechnologies.com/blog/post/benefits-of-using-umbraco-for-website-development#id_712bd6f8-8f81-4362-9f04-3c3716b99206#comment</wfw:comment>
    <wfw:commentRss>https://theonetechnologies.com/blog/syndication.axd?post=712bd6f8-8f81-4362-9f04-3c3716b99206</wfw:commentRss>
  </entry>
</feed>