﻿<?xml version="1.0" encoding="utf-8"?>
<feed xmlns:blogChannel="http://backend.userland.com/blogChannelModule" xmlns:dc="http://purl.org/dc/elements/1.1/" xmlns:pingback="http://madskills.com/public/xml/rss/module/pingback/" xmlns:trackback="http://madskills.com/public/xml/rss/module/trackback/" xmlns:wfw="http://wellformedweb.org/CommentAPI/" xmlns:slash="http://purl.org/rss/1.0/modules/slash/" xmlns:geo="http://www.w3.org/2003/01/geo/wgs84_pos#" xmlns:betag="http://dotnetblogengine.net/schemas/tags" xmlns="http://www.w3.org/2005/Atom">
  <id>https://theonetechnologies.com/blog/</id>
  <title>The One Technologies - Software outsourcing in India - Good or Bad</title>
  <updated>2012-05-24T21:44:49+00:00</updated>
  <link href="https://theonetechnologies.com/blog/" />
  <link rel="self" href="https://theonetechnologies.com/blog/syndication.axd?format=atom" />
  <subtitle>ASP.NET, IIS, Web Development Outsourcing</subtitle>
  <author>
    <name>The One Technologies</name>
  </author>
  <generator uri="http://dotnetblogengine.net/" version="1.0.0.0">BlogEngine.Net Syndication Generator</generator>
  <blogChannel:blogRoll>https://theonetechnologies.com/blog/opml.axd</blogChannel:blogRoll>
  <dc:creator>The One Technologies</dc:creator>
  <dc:description>ASP.NET, IIS, Web Development Outsourcing</dc:description>
  <dc:language>en-US</dc:language>
  <dc:title>The One Technologies</dc:title>
  <geo:lat>0.000000</geo:lat>
  <geo:long>0.000000</geo:long>
  <entry>
    <id>https://theonetechnologies.com/blog/post/software-outsourcing-in-india-good-or-bad#id_c8ea18d7-1f04-49c3-a850-5bdbf4f5b4ac</id>
    <title>Mobile Web Development Company on &lt;a href="/blog/post/software-outsourcing-in-india-good-or-bad#id_c8ea18d7-1f04-49c3-a850-5bdbf4f5b4ac" alt="/blog/post/software-outsourcing-in-india-good-or-bad#id_c8ea18d7-1f04-49c3-a850-5bdbf4f5b4ac"&gt;Software outsourcing in India - Good or Bad&lt;/a&gt;</title>
    <updated>2012-05-24T21:44:49+00:00</updated>
    <link rel="self" href="https://theonetechnologies.com/blog/post/software-outsourcing-in-india-good-or-bad#id_c8ea18d7-1f04-49c3-a850-5bdbf4f5b4ac" />
    <link href="https://theonetechnologies.com/blog/post/software-outsourcing-in-india-good-or-bad#id_c8ea18d7-1f04-49c3-a850-5bdbf4f5b4ac" />
    <author>
      <name>Mobile Web Development Company</name>
    </author>
    <summary type="html">Now all one want to do software outsourcing India, there are so many benignity of doing software outsourcing India:- fulfillment of the need with quality work, accuracy and safety are guaranteed. In India all the company work on multi activities from India you will get total outsourcing like design , testing and development are out sourced at one place so this is a benefit to the client.So Hire Leading Mobile and Web Application Development Company from India at affordable rates </summary>
    <published>2012-05-24T21:44:49+00:00</published>
    <link rel="related" href="https://theonetechnologies.com/blog/post/software-outsourcing-in-india-good-or-bad#id_c8ea18d7-1f04-49c3-a850-5bdbf4f5b4ac#comment" />
    <dc:publisher>Mobile Web Development Company</dc:publisher>
    <pingback:server>https://theonetechnologies.com/blog/pingback.axd</pingback:server>
    <pingback:target>https://theonetechnologies.com/blog/post/software-outsourcing-in-india-good-or-bad#id_c8ea18d7-1f04-49c3-a850-5bdbf4f5b4ac</pingback:target>
    <wfw:comment>https://theonetechnologies.com/blog/post/software-outsourcing-in-india-good-or-bad#id_c8ea18d7-1f04-49c3-a850-5bdbf4f5b4ac#comment</wfw:comment>
    <wfw:commentRss>https://theonetechnologies.com/blog/syndication.axd?post=c8ea18d7-1f04-49c3-a850-5bdbf4f5b4ac</wfw:commentRss>
  </entry>
  <entry>
    <id>https://theonetechnologies.com/blog/post/software-outsourcing-in-india-good-or-bad#id_fb174fce-2003-4cbc-bfe9-2d676c2be9ab</id>
    <title>bakerlynn on &lt;a href="/blog/post/software-outsourcing-in-india-good-or-bad#id_fb174fce-2003-4cbc-bfe9-2d676c2be9ab" alt="/blog/post/software-outsourcing-in-india-good-or-bad#id_fb174fce-2003-4cbc-bfe9-2d676c2be9ab"&gt;Software outsourcing in India - Good or Bad&lt;/a&gt;</title>
    <updated>2012-10-05T21:46:40+00:00</updated>
    <link rel="self" href="https://theonetechnologies.com/blog/post/software-outsourcing-in-india-good-or-bad#id_fb174fce-2003-4cbc-bfe9-2d676c2be9ab" />
    <link href="https://theonetechnologies.com/blog/post/software-outsourcing-in-india-good-or-bad#id_fb174fce-2003-4cbc-bfe9-2d676c2be9ab" />
    <author>
      <name>bakerlynn</name>
    </author>
    <summary type="html">outsourcing will save you money, and at the same time will give you a chance to focus on your core competencies for better profit.
Thanks for sharing this..</summary>
    <published>2012-10-05T21:46:40+00:00</published>
    <link rel="related" href="https://theonetechnologies.com/blog/post/software-outsourcing-in-india-good-or-bad#id_fb174fce-2003-4cbc-bfe9-2d676c2be9ab#comment" />
    <dc:publisher>bakerlynn</dc:publisher>
    <pingback:server>https://theonetechnologies.com/blog/pingback.axd</pingback:server>
    <pingback:target>https://theonetechnologies.com/blog/post/software-outsourcing-in-india-good-or-bad#id_fb174fce-2003-4cbc-bfe9-2d676c2be9ab</pingback:target>
    <wfw:comment>https://theonetechnologies.com/blog/post/software-outsourcing-in-india-good-or-bad#id_fb174fce-2003-4cbc-bfe9-2d676c2be9ab#comment</wfw:comment>
    <wfw:commentRss>https://theonetechnologies.com/blog/syndication.axd?post=fb174fce-2003-4cbc-bfe9-2d676c2be9ab</wfw:commentRss>
  </entry>
</feed>