﻿<?xml version="1.0" encoding="utf-8"?>
<feed xmlns:blogChannel="http://backend.userland.com/blogChannelModule" xmlns:dc="http://purl.org/dc/elements/1.1/" xmlns:pingback="http://madskills.com/public/xml/rss/module/pingback/" xmlns:trackback="http://madskills.com/public/xml/rss/module/trackback/" xmlns:wfw="http://wellformedweb.org/CommentAPI/" xmlns:slash="http://purl.org/rss/1.0/modules/slash/" xmlns:geo="http://www.w3.org/2003/01/geo/wgs84_pos#" xmlns:betag="http://dotnetblogengine.net/schemas/tags" xmlns="http://www.w3.org/2005/Atom">
  <id>https://theonetechnologies.com/blog/</id>
  <title>The One Technologies - Top five tips working with Offshore IT Outsourcing Company in India</title>
  <updated>2012-05-21T03:31:17+00:00</updated>
  <link href="https://theonetechnologies.com/blog/" />
  <link rel="self" href="https://theonetechnologies.com/blog/syndication.axd?format=atom" />
  <subtitle>ASP.NET, IIS, Web Development Outsourcing</subtitle>
  <author>
    <name>The One Technologies</name>
  </author>
  <generator uri="http://dotnetblogengine.net/" version="1.0.0.0">BlogEngine.Net Syndication Generator</generator>
  <blogChannel:blogRoll>https://theonetechnologies.com/blog/opml.axd</blogChannel:blogRoll>
  <dc:creator>The One Technologies</dc:creator>
  <dc:description>ASP.NET, IIS, Web Development Outsourcing</dc:description>
  <dc:language>en-US</dc:language>
  <dc:title>The One Technologies</dc:title>
  <geo:lat>0.000000</geo:lat>
  <geo:long>0.000000</geo:long>
  <entry>
    <id>https://theonetechnologies.com/blog/post/top-five-tips-working-with-offshore-it-outsourcing-company-in-india#id_b1fec6ed-aada-4305-a286-3766c4677093</id>
    <title>Paul Roach on &lt;a href="/blog/post/top-five-tips-working-with-offshore-it-outsourcing-company-in-india#id_b1fec6ed-aada-4305-a286-3766c4677093" alt="/blog/post/top-five-tips-working-with-offshore-it-outsourcing-company-in-india#id_b1fec6ed-aada-4305-a286-3766c4677093"&gt;Top five tips working with Offshore IT Outsourcing Company in India&lt;/a&gt;</title>
    <updated>2012-05-21T03:31:17+00:00</updated>
    <link rel="self" href="https://theonetechnologies.com/blog/post/top-five-tips-working-with-offshore-it-outsourcing-company-in-india#id_b1fec6ed-aada-4305-a286-3766c4677093" />
    <link href="https://theonetechnologies.com/blog/post/top-five-tips-working-with-offshore-it-outsourcing-company-in-india#id_b1fec6ed-aada-4305-a286-3766c4677093" />
    <author>
      <name>Paul Roach</name>
    </author>
    <summary type="html">The information in your post about Outsourcing is more interesting. and this info is more useful for the developers to develop the Software. Thanks for share this valuable info. </summary>
    <published>2012-05-21T03:31:17+00:00</published>
    <link rel="related" href="https://theonetechnologies.com/blog/post/top-five-tips-working-with-offshore-it-outsourcing-company-in-india#id_b1fec6ed-aada-4305-a286-3766c4677093#comment" />
    <dc:publisher>Paul Roach</dc:publisher>
    <pingback:server>https://theonetechnologies.com/blog/pingback.axd</pingback:server>
    <pingback:target>https://theonetechnologies.com/blog/post/top-five-tips-working-with-offshore-it-outsourcing-company-in-india#id_b1fec6ed-aada-4305-a286-3766c4677093</pingback:target>
    <wfw:comment>https://theonetechnologies.com/blog/post/top-five-tips-working-with-offshore-it-outsourcing-company-in-india#id_b1fec6ed-aada-4305-a286-3766c4677093#comment</wfw:comment>
    <wfw:commentRss>https://theonetechnologies.com/blog/syndication.axd?post=b1fec6ed-aada-4305-a286-3766c4677093</wfw:commentRss>
  </entry>
  <entry>
    <id>https://theonetechnologies.com/blog/post/top-five-tips-working-with-offshore-it-outsourcing-company-in-india#id_1479b7b9-1222-484a-8b41-e3403e71892e</id>
    <title>software company on &lt;a href="/blog/post/top-five-tips-working-with-offshore-it-outsourcing-company-in-india#id_1479b7b9-1222-484a-8b41-e3403e71892e" alt="/blog/post/top-five-tips-working-with-offshore-it-outsourcing-company-in-india#id_1479b7b9-1222-484a-8b41-e3403e71892e"&gt;Top five tips working with Offshore IT Outsourcing Company in India&lt;/a&gt;</title>
    <updated>2012-06-09T04:57:49+00:00</updated>
    <link rel="self" href="https://theonetechnologies.com/blog/post/top-five-tips-working-with-offshore-it-outsourcing-company-in-india#id_1479b7b9-1222-484a-8b41-e3403e71892e" />
    <link href="https://theonetechnologies.com/blog/post/top-five-tips-working-with-offshore-it-outsourcing-company-in-india#id_1479b7b9-1222-484a-8b41-e3403e71892e" />
    <author>
      <name>software company</name>
    </author>
    <summary type="html">I am very happy to read your articles it’s very useful for me, 
and I am completely satisfied with your website. 
All comments and articles are very useful and very good.
Your blog is very attention-grabbing. I am loving all of the in
 turn you are sharing with each one!…
</summary>
    <published>2012-06-09T04:57:49+00:00</published>
    <link rel="related" href="https://theonetechnologies.com/blog/post/top-five-tips-working-with-offshore-it-outsourcing-company-in-india#id_1479b7b9-1222-484a-8b41-e3403e71892e#comment" />
    <dc:publisher>software company</dc:publisher>
    <pingback:server>https://theonetechnologies.com/blog/pingback.axd</pingback:server>
    <pingback:target>https://theonetechnologies.com/blog/post/top-five-tips-working-with-offshore-it-outsourcing-company-in-india#id_1479b7b9-1222-484a-8b41-e3403e71892e</pingback:target>
    <wfw:comment>https://theonetechnologies.com/blog/post/top-five-tips-working-with-offshore-it-outsourcing-company-in-india#id_1479b7b9-1222-484a-8b41-e3403e71892e#comment</wfw:comment>
    <wfw:commentRss>https://theonetechnologies.com/blog/syndication.axd?post=1479b7b9-1222-484a-8b41-e3403e71892e</wfw:commentRss>
  </entry>
</feed>