﻿<?xml version="1.0" encoding="utf-8"?>
<feed xmlns:blogChannel="http://backend.userland.com/blogChannelModule" xmlns:dc="http://purl.org/dc/elements/1.1/" xmlns:pingback="http://madskills.com/public/xml/rss/module/pingback/" xmlns:trackback="http://madskills.com/public/xml/rss/module/trackback/" xmlns:wfw="http://wellformedweb.org/CommentAPI/" xmlns:slash="http://purl.org/rss/1.0/modules/slash/" xmlns:geo="http://www.w3.org/2003/01/geo/wgs84_pos#" xmlns:betag="http://dotnetblogengine.net/schemas/tags" xmlns="http://www.w3.org/2005/Atom">
  <id>https://theonetechnologies.com/blog/</id>
  <title>The One Technologies - Find and Replace in Visual Studio using regular expression</title>
  <updated>2012-05-15T08:11:33+00:00</updated>
  <link href="https://theonetechnologies.com/blog/" />
  <link rel="self" href="https://theonetechnologies.com/blog/syndication.axd?format=atom" />
  <subtitle>ASP.NET, IIS, Web Development Outsourcing</subtitle>
  <author>
    <name>The One Technologies</name>
  </author>
  <generator uri="http://dotnetblogengine.net/" version="1.0.0.0">BlogEngine.Net Syndication Generator</generator>
  <blogChannel:blogRoll>https://theonetechnologies.com/blog/opml.axd</blogChannel:blogRoll>
  <dc:creator>The One Technologies</dc:creator>
  <dc:description>ASP.NET, IIS, Web Development Outsourcing</dc:description>
  <dc:language>en-US</dc:language>
  <dc:title>The One Technologies</dc:title>
  <geo:lat>0.000000</geo:lat>
  <geo:long>0.000000</geo:long>
  <entry>
    <id>https://theonetechnologies.com/blog/post/find-and-replace-in-visual-studio-using-regular-expression#id_33f16473-7ac2-404d-8dd2-2b092a3e6f76</id>
    <title>&lt;a class="comment_auth" href="http://codesimplified.com/" alt="http://codesimplified.com/" title="http://codesimplified.com/"&gt;Viral Sarvaiya&lt;/a&gt; on &lt;a href="/blog/post/find-and-replace-in-visual-studio-using-regular-expression#id_33f16473-7ac2-404d-8dd2-2b092a3e6f76" alt="/blog/post/find-and-replace-in-visual-studio-using-regular-expression#id_33f16473-7ac2-404d-8dd2-2b092a3e6f76"&gt;Find and Replace in Visual Studio using regular expression&lt;/a&gt;</title>
    <updated>2012-05-15T08:11:33+00:00</updated>
    <link rel="self" href="https://theonetechnologies.com/blog/post/find-and-replace-in-visual-studio-using-regular-expression#id_33f16473-7ac2-404d-8dd2-2b092a3e6f76" />
    <link href="https://theonetechnologies.com/blog/post/find-and-replace-in-visual-studio-using-regular-expression#id_33f16473-7ac2-404d-8dd2-2b092a3e6f76" />
    <author>
      <name>Viral Sarvaiya</name>
    </author>
    <summary type="html">Hello Kiranbhai..

Thanks for giving good knowledge. </summary>
    <published>2012-05-15T08:11:33+00:00</published>
    <link rel="related" href="https://theonetechnologies.com/blog/post/find-and-replace-in-visual-studio-using-regular-expression#id_33f16473-7ac2-404d-8dd2-2b092a3e6f76#comment" />
    <dc:publisher>Viral Sarvaiya</dc:publisher>
    <pingback:server>https://theonetechnologies.com/blog/pingback.axd</pingback:server>
    <pingback:target>https://theonetechnologies.com/blog/post/find-and-replace-in-visual-studio-using-regular-expression#id_33f16473-7ac2-404d-8dd2-2b092a3e6f76</pingback:target>
    <wfw:comment>https://theonetechnologies.com/blog/post/find-and-replace-in-visual-studio-using-regular-expression#id_33f16473-7ac2-404d-8dd2-2b092a3e6f76#comment</wfw:comment>
    <wfw:commentRss>https://theonetechnologies.com/blog/syndication.axd?post=33f16473-7ac2-404d-8dd2-2b092a3e6f76</wfw:commentRss>
  </entry>
</feed>