﻿<?xml version="1.0" encoding="utf-8"?>
<feed xmlns:blogChannel="http://backend.userland.com/blogChannelModule" xmlns:dc="http://purl.org/dc/elements/1.1/" xmlns:pingback="http://madskills.com/public/xml/rss/module/pingback/" xmlns:trackback="http://madskills.com/public/xml/rss/module/trackback/" xmlns:wfw="http://wellformedweb.org/CommentAPI/" xmlns:slash="http://purl.org/rss/1.0/modules/slash/" xmlns:geo="http://www.w3.org/2003/01/geo/wgs84_pos#" xmlns:betag="http://dotnetblogengine.net/schemas/tags" xmlns="http://www.w3.org/2005/Atom">
  <id>https://theonetechnologies.com/blog/</id>
  <title>The One Technologies - ASP.NET - how to track if email is opened or read!</title>
  <updated>2012-05-16T04:50:10+00:00</updated>
  <link href="https://theonetechnologies.com/blog/" />
  <link rel="self" href="https://theonetechnologies.com/blog/syndication.axd?format=atom" />
  <subtitle>ASP.NET, IIS, Web Development Outsourcing</subtitle>
  <author>
    <name>The One Technologies</name>
  </author>
  <generator uri="http://dotnetblogengine.net/" version="1.0.0.0">BlogEngine.Net Syndication Generator</generator>
  <blogChannel:blogRoll>https://theonetechnologies.com/blog/opml.axd</blogChannel:blogRoll>
  <dc:creator>The One Technologies</dc:creator>
  <dc:description>ASP.NET, IIS, Web Development Outsourcing</dc:description>
  <dc:language>en-US</dc:language>
  <dc:title>The One Technologies</dc:title>
  <geo:lat>0.000000</geo:lat>
  <geo:long>0.000000</geo:long>
  <entry>
    <id>https://theonetechnologies.com/blog/post/asp-net-how-to-track-if-email-is-opened-or-read#id_e6a4fd82-76f9-4aaa-9f62-3cdd1393d460</id>
    <title>&lt;a class="comment_auth" href="http://codesimplified.com/" alt="http://codesimplified.com/" title="http://codesimplified.com/"&gt;viral sarvaiya&lt;/a&gt; on &lt;a href="/blog/post/asp-net-how-to-track-if-email-is-opened-or-read#id_e6a4fd82-76f9-4aaa-9f62-3cdd1393d460" alt="/blog/post/asp-net-how-to-track-if-email-is-opened-or-read#id_e6a4fd82-76f9-4aaa-9f62-3cdd1393d460"&gt;ASP.NET - how to track if email is opened or read!&lt;/a&gt;</title>
    <updated>2012-05-16T04:50:10+00:00</updated>
    <link rel="self" href="https://theonetechnologies.com/blog/post/asp-net-how-to-track-if-email-is-opened-or-read#id_e6a4fd82-76f9-4aaa-9f62-3cdd1393d460" />
    <link href="https://theonetechnologies.com/blog/post/asp-net-how-to-track-if-email-is-opened-or-read#id_e6a4fd82-76f9-4aaa-9f62-3cdd1393d460" />
    <author>
      <name>viral sarvaiya</name>
    </author>
    <summary type="html">very useful thing</summary>
    <published>2012-05-16T04:50:10+00:00</published>
    <link rel="related" href="https://theonetechnologies.com/blog/post/asp-net-how-to-track-if-email-is-opened-or-read#id_e6a4fd82-76f9-4aaa-9f62-3cdd1393d460#comment" />
    <dc:publisher>viral sarvaiya</dc:publisher>
    <pingback:server>https://theonetechnologies.com/blog/pingback.axd</pingback:server>
    <pingback:target>https://theonetechnologies.com/blog/post/asp-net-how-to-track-if-email-is-opened-or-read#id_e6a4fd82-76f9-4aaa-9f62-3cdd1393d460</pingback:target>
    <wfw:comment>https://theonetechnologies.com/blog/post/asp-net-how-to-track-if-email-is-opened-or-read#id_e6a4fd82-76f9-4aaa-9f62-3cdd1393d460#comment</wfw:comment>
    <wfw:commentRss>https://theonetechnologies.com/blog/syndication.axd?post=e6a4fd82-76f9-4aaa-9f62-3cdd1393d460</wfw:commentRss>
  </entry>
</feed>