﻿<?xml version="1.0" encoding="utf-8"?>
<feed xmlns:blogChannel="http://backend.userland.com/blogChannelModule" xmlns:dc="http://purl.org/dc/elements/1.1/" xmlns:pingback="http://madskills.com/public/xml/rss/module/pingback/" xmlns:trackback="http://madskills.com/public/xml/rss/module/trackback/" xmlns:wfw="http://wellformedweb.org/CommentAPI/" xmlns:slash="http://purl.org/rss/1.0/modules/slash/" xmlns:geo="http://www.w3.org/2003/01/geo/wgs84_pos#" xmlns:betag="http://dotnetblogengine.net/schemas/tags" xmlns="http://www.w3.org/2005/Atom">
  <id>https://theonetechnologies.com/blog/</id>
  <title>The One Technologies - WordPress Development</title>
  <updated>2017-04-21T04:22:28+00:00</updated>
  <link href="https://theonetechnologies.com/blog/" />
  <link rel="self" href="https://theonetechnologies.com/blog/syndication.axd?format=atom" />
  <subtitle>ASP.NET, IIS, Web Development Outsourcing</subtitle>
  <author>
    <name>The One Technologies</name>
  </author>
  <generator uri="http://dotnetblogengine.net/" version="1.0.0.0">BlogEngine.Net Syndication Generator</generator>
  <blogChannel:blogRoll>https://theonetechnologies.com/blog/opml.axd</blogChannel:blogRoll>
  <dc:creator>The One Technologies</dc:creator>
  <dc:description>ASP.NET, IIS, Web Development Outsourcing</dc:description>
  <dc:language>en-US</dc:language>
  <dc:title>The One Technologies</dc:title>
  <geo:lat>0.000000</geo:lat>
  <geo:long>0.000000</geo:long>
</feed>