﻿<?xml version="1.0" encoding="utf-8"?>
<feed xmlns:blogChannel="http://backend.userland.com/blogChannelModule" xmlns:dc="http://purl.org/dc/elements/1.1/" xmlns:pingback="http://madskills.com/public/xml/rss/module/pingback/" xmlns:trackback="http://madskills.com/public/xml/rss/module/trackback/" xmlns:wfw="http://wellformedweb.org/CommentAPI/" xmlns:slash="http://purl.org/rss/1.0/modules/slash/" xmlns:geo="http://www.w3.org/2003/01/geo/wgs84_pos#" xmlns:betag="http://dotnetblogengine.net/schemas/tags" xmlns="http://www.w3.org/2005/Atom">
  <id>https://theonetechnologies.com/blog/</id>
  <title>The One Technologies - How to choose right software company when outsourcing to India</title>
  <updated>2012-05-22T15:06:25+00:00</updated>
  <link href="https://theonetechnologies.com/blog/" />
  <link rel="self" href="https://theonetechnologies.com/blog/syndication.axd?format=atom" />
  <subtitle>ASP.NET, IIS, Web Development Outsourcing</subtitle>
  <author>
    <name>The One Technologies</name>
  </author>
  <generator uri="http://dotnetblogengine.net/" version="1.0.0.0">BlogEngine.Net Syndication Generator</generator>
  <blogChannel:blogRoll>https://theonetechnologies.com/blog/opml.axd</blogChannel:blogRoll>
  <dc:creator>The One Technologies</dc:creator>
  <dc:description>ASP.NET, IIS, Web Development Outsourcing</dc:description>
  <dc:language>en-US</dc:language>
  <dc:title>The One Technologies</dc:title>
  <geo:lat>0.000000</geo:lat>
  <geo:long>0.000000</geo:long>
  <entry>
    <id>https://theonetechnologies.com/blog/post/chooseing-right-software-outsourcing-company-in-india#id_2823fe51-4d36-4cdf-b70a-1308573b4f99</id>
    <title>jeremy on &lt;a href="/blog/post/chooseing-right-software-outsourcing-company-in-india#id_2823fe51-4d36-4cdf-b70a-1308573b4f99" alt="/blog/post/chooseing-right-software-outsourcing-company-in-india#id_2823fe51-4d36-4cdf-b70a-1308573b4f99"&gt;How to choose right software company when outsourcing to India&lt;/a&gt;</title>
    <updated>2012-05-22T15:06:25+00:00</updated>
    <link rel="self" href="https://theonetechnologies.com/blog/post/chooseing-right-software-outsourcing-company-in-india#id_2823fe51-4d36-4cdf-b70a-1308573b4f99" />
    <link href="https://theonetechnologies.com/blog/post/chooseing-right-software-outsourcing-company-in-india#id_2823fe51-4d36-4cdf-b70a-1308573b4f99" />
    <author>
      <name>jeremy</name>
    </author>
    <summary type="html">Also you have to find a company in india that works somewhat in US hours. It kills projects when you have to wait until 9 or 10 PM each night to communicate to them. Many decisions need to be done during the day.

Find rockstar web developers to hire, be a rockstar web developer</summary>
    <published>2012-05-22T15:06:25+00:00</published>
    <link rel="related" href="https://theonetechnologies.com/blog/post/chooseing-right-software-outsourcing-company-in-india#id_2823fe51-4d36-4cdf-b70a-1308573b4f99#comment" />
    <dc:publisher>jeremy</dc:publisher>
    <pingback:server>https://theonetechnologies.com/blog/pingback.axd</pingback:server>
    <pingback:target>https://theonetechnologies.com/blog/post/chooseing-right-software-outsourcing-company-in-india#id_2823fe51-4d36-4cdf-b70a-1308573b4f99</pingback:target>
    <wfw:comment>https://theonetechnologies.com/blog/post/chooseing-right-software-outsourcing-company-in-india#id_2823fe51-4d36-4cdf-b70a-1308573b4f99#comment</wfw:comment>
    <wfw:commentRss>https://theonetechnologies.com/blog/syndication.axd?post=2823fe51-4d36-4cdf-b70a-1308573b4f99</wfw:commentRss>
  </entry>
  <entry>
    <id>https://theonetechnologies.com/blog/post/chooseing-right-software-outsourcing-company-in-india#id_9e5d5a89-1fe2-421b-a04d-e2651336c125</id>
    <title>software company on &lt;a href="/blog/post/chooseing-right-software-outsourcing-company-in-india#id_9e5d5a89-1fe2-421b-a04d-e2651336c125" alt="/blog/post/chooseing-right-software-outsourcing-company-in-india#id_9e5d5a89-1fe2-421b-a04d-e2651336c125"&gt;How to choose right software company when outsourcing to India&lt;/a&gt;</title>
    <updated>2012-06-09T04:51:52+00:00</updated>
    <link rel="self" href="https://theonetechnologies.com/blog/post/chooseing-right-software-outsourcing-company-in-india#id_9e5d5a89-1fe2-421b-a04d-e2651336c125" />
    <link href="https://theonetechnologies.com/blog/post/chooseing-right-software-outsourcing-company-in-india#id_9e5d5a89-1fe2-421b-a04d-e2651336c125" />
    <author>
      <name>software company</name>
    </author>
    <summary type="html">I am very happy to read your articles it’s very useful for me, 
and I am completely satisfied with your website. 
All comments and articles are very useful and very good.
Your blog is very attention-grabbing. I am loving all of the in
 turn you are sharing with each one!…
</summary>
    <published>2012-06-09T04:51:52+00:00</published>
    <link rel="related" href="https://theonetechnologies.com/blog/post/chooseing-right-software-outsourcing-company-in-india#id_9e5d5a89-1fe2-421b-a04d-e2651336c125#comment" />
    <dc:publisher>software company</dc:publisher>
    <pingback:server>https://theonetechnologies.com/blog/pingback.axd</pingback:server>
    <pingback:target>https://theonetechnologies.com/blog/post/chooseing-right-software-outsourcing-company-in-india#id_9e5d5a89-1fe2-421b-a04d-e2651336c125</pingback:target>
    <wfw:comment>https://theonetechnologies.com/blog/post/chooseing-right-software-outsourcing-company-in-india#id_9e5d5a89-1fe2-421b-a04d-e2651336c125#comment</wfw:comment>
    <wfw:commentRss>https://theonetechnologies.com/blog/syndication.axd?post=9e5d5a89-1fe2-421b-a04d-e2651336c125</wfw:commentRss>
  </entry>
</feed>