﻿<?xml version="1.0" encoding="utf-8"?>
<feed xmlns:blogChannel="http://backend.userland.com/blogChannelModule" xmlns:dc="http://purl.org/dc/elements/1.1/" xmlns:pingback="http://madskills.com/public/xml/rss/module/pingback/" xmlns:trackback="http://madskills.com/public/xml/rss/module/trackback/" xmlns:wfw="http://wellformedweb.org/CommentAPI/" xmlns:slash="http://purl.org/rss/1.0/modules/slash/" xmlns:geo="http://www.w3.org/2003/01/geo/wgs84_pos#" xmlns:betag="http://dotnetblogengine.net/schemas/tags" xmlns="http://www.w3.org/2005/Atom">
  <id>https://theonetechnologies.com/blog/</id>
  <title>The One Technologies - ASP.NET - login with facebook and graph API</title>
  <updated>2012-06-20T00:29:37+00:00</updated>
  <link href="https://theonetechnologies.com/blog/" />
  <link rel="self" href="https://theonetechnologies.com/blog/syndication.axd?format=atom" />
  <subtitle>ASP.NET, IIS, Web Development Outsourcing</subtitle>
  <author>
    <name>The One Technologies</name>
  </author>
  <generator uri="http://dotnetblogengine.net/" version="1.0.0.0">BlogEngine.Net Syndication Generator</generator>
  <blogChannel:blogRoll>https://theonetechnologies.com/blog/opml.axd</blogChannel:blogRoll>
  <dc:creator>The One Technologies</dc:creator>
  <dc:description>ASP.NET, IIS, Web Development Outsourcing</dc:description>
  <dc:language>en-US</dc:language>
  <dc:title>The One Technologies</dc:title>
  <geo:lat>0.000000</geo:lat>
  <geo:long>0.000000</geo:long>
  <entry>
    <id>https://theonetechnologies.com/blog/post/aspnet-login-with-facebook-and-graph-api#id_a54f5e47-e620-442b-8037-9f8ce2b8f1ff</id>
    <title>G Orychka on &lt;a href="/blog/post/aspnet-login-with-facebook-and-graph-api#id_a54f5e47-e620-442b-8037-9f8ce2b8f1ff" alt="/blog/post/aspnet-login-with-facebook-and-graph-api#id_a54f5e47-e620-442b-8037-9f8ce2b8f1ff"&gt;ASP.NET - login with facebook and graph API&lt;/a&gt;</title>
    <updated>2012-06-20T00:29:37+00:00</updated>
    <link rel="self" href="https://theonetechnologies.com/blog/post/aspnet-login-with-facebook-and-graph-api#id_a54f5e47-e620-442b-8037-9f8ce2b8f1ff" />
    <link href="https://theonetechnologies.com/blog/post/aspnet-login-with-facebook-and-graph-api#id_a54f5e47-e620-442b-8037-9f8ce2b8f1ff" />
    <author>
      <name>G Orychka</name>
    </author>
    <summary type="html">Nice blog, thanks for the info.</summary>
    <published>2012-06-20T00:29:37+00:00</published>
    <link rel="related" href="https://theonetechnologies.com/blog/post/aspnet-login-with-facebook-and-graph-api#id_a54f5e47-e620-442b-8037-9f8ce2b8f1ff#comment" />
    <dc:publisher>G Orychka</dc:publisher>
    <pingback:server>https://theonetechnologies.com/blog/pingback.axd</pingback:server>
    <pingback:target>https://theonetechnologies.com/blog/post/aspnet-login-with-facebook-and-graph-api#id_a54f5e47-e620-442b-8037-9f8ce2b8f1ff</pingback:target>
    <wfw:comment>https://theonetechnologies.com/blog/post/aspnet-login-with-facebook-and-graph-api#id_a54f5e47-e620-442b-8037-9f8ce2b8f1ff#comment</wfw:comment>
    <wfw:commentRss>https://theonetechnologies.com/blog/syndication.axd?post=a54f5e47-e620-442b-8037-9f8ce2b8f1ff</wfw:commentRss>
  </entry>
  <entry>
    <id>https://theonetechnologies.com/blog/post/aspnet-login-with-facebook-and-graph-api#id_48f7575c-aa70-4030-b2d2-d3d86ef7f1d6</id>
    <title>Nagendra on &lt;a href="/blog/post/aspnet-login-with-facebook-and-graph-api#id_48f7575c-aa70-4030-b2d2-d3d86ef7f1d6" alt="/blog/post/aspnet-login-with-facebook-and-graph-api#id_48f7575c-aa70-4030-b2d2-d3d86ef7f1d6"&gt;ASP.NET - login with facebook and graph API&lt;/a&gt;</title>
    <updated>2012-06-29T07:48:44+00:00</updated>
    <link rel="self" href="https://theonetechnologies.com/blog/post/aspnet-login-with-facebook-and-graph-api#id_48f7575c-aa70-4030-b2d2-d3d86ef7f1d6" />
    <link href="https://theonetechnologies.com/blog/post/aspnet-login-with-facebook-and-graph-api#id_48f7575c-aa70-4030-b2d2-d3d86ef7f1d6" />
    <author>
      <name>Nagendra</name>
    </author>
    <summary type="html">hi...
i am using your code i didn&amp;#39;t get email and birthday...
what can i do...please help me..


thank you</summary>
    <published>2012-06-29T07:48:44+00:00</published>
    <link rel="related" href="https://theonetechnologies.com/blog/post/aspnet-login-with-facebook-and-graph-api#id_48f7575c-aa70-4030-b2d2-d3d86ef7f1d6#comment" />
    <dc:publisher>Nagendra</dc:publisher>
    <pingback:server>https://theonetechnologies.com/blog/pingback.axd</pingback:server>
    <pingback:target>https://theonetechnologies.com/blog/post/aspnet-login-with-facebook-and-graph-api#id_48f7575c-aa70-4030-b2d2-d3d86ef7f1d6</pingback:target>
    <wfw:comment>https://theonetechnologies.com/blog/post/aspnet-login-with-facebook-and-graph-api#id_48f7575c-aa70-4030-b2d2-d3d86ef7f1d6#comment</wfw:comment>
    <wfw:commentRss>https://theonetechnologies.com/blog/syndication.axd?post=48f7575c-aa70-4030-b2d2-d3d86ef7f1d6</wfw:commentRss>
  </entry>
  <entry>
    <id>https://theonetechnologies.com/blog/post/aspnet-login-with-facebook-and-graph-api#id_c8615ce6-ed1e-45c2-9e75-6e84ef76f1a1</id>
    <title>Nagendra on &lt;a href="/blog/post/aspnet-login-with-facebook-and-graph-api#id_c8615ce6-ed1e-45c2-9e75-6e84ef76f1a1" alt="/blog/post/aspnet-login-with-facebook-and-graph-api#id_c8615ce6-ed1e-45c2-9e75-6e84ef76f1a1"&gt;ASP.NET - login with facebook and graph API&lt;/a&gt;</title>
    <updated>2012-06-29T07:52:12+00:00</updated>
    <link rel="self" href="https://theonetechnologies.com/blog/post/aspnet-login-with-facebook-and-graph-api#id_c8615ce6-ed1e-45c2-9e75-6e84ef76f1a1" />
    <link href="https://theonetechnologies.com/blog/post/aspnet-login-with-facebook-and-graph-api#id_c8615ce6-ed1e-45c2-9e75-6e84ef76f1a1" />
    <author>
      <name>Nagendra</name>
    </author>
    <summary type="html">and it shows the error The remote server returned an error: (400) Bad Request. at GetFacebookUserJSON string stream....please help me....</summary>
    <published>2012-06-29T07:52:12+00:00</published>
    <link rel="related" href="https://theonetechnologies.com/blog/post/aspnet-login-with-facebook-and-graph-api#id_c8615ce6-ed1e-45c2-9e75-6e84ef76f1a1#comment" />
    <dc:publisher>Nagendra</dc:publisher>
    <pingback:server>https://theonetechnologies.com/blog/pingback.axd</pingback:server>
    <pingback:target>https://theonetechnologies.com/blog/post/aspnet-login-with-facebook-and-graph-api#id_c8615ce6-ed1e-45c2-9e75-6e84ef76f1a1</pingback:target>
    <wfw:comment>https://theonetechnologies.com/blog/post/aspnet-login-with-facebook-and-graph-api#id_c8615ce6-ed1e-45c2-9e75-6e84ef76f1a1#comment</wfw:comment>
    <wfw:commentRss>https://theonetechnologies.com/blog/syndication.axd?post=c8615ce6-ed1e-45c2-9e75-6e84ef76f1a1</wfw:commentRss>
  </entry>
  <entry>
    <id>https://theonetechnologies.com/blog/post/aspnet-login-with-facebook-and-graph-api#id_c6a56ad9-9659-412f-b5e5-9b27573b3086</id>
    <title>&lt;a class="comment_auth" href="https://theonetechnologies.com/" alt="https://theonetechnologies.com/" title="https://theonetechnologies.com/"&gt;Admin&lt;/a&gt; on &lt;a href="/blog/post/aspnet-login-with-facebook-and-graph-api#id_c6a56ad9-9659-412f-b5e5-9b27573b3086" alt="/blog/post/aspnet-login-with-facebook-and-graph-api#id_c6a56ad9-9659-412f-b5e5-9b27573b3086"&gt;ASP.NET - login with facebook and graph API&lt;/a&gt;</title>
    <updated>2012-06-29T21:46:41+00:00</updated>
    <link rel="self" href="https://theonetechnologies.com/blog/post/aspnet-login-with-facebook-and-graph-api#id_c6a56ad9-9659-412f-b5e5-9b27573b3086" />
    <link href="https://theonetechnologies.com/blog/post/aspnet-login-with-facebook-and-graph-api#id_c6a56ad9-9659-412f-b5e5-9b27573b3086" />
    <author>
      <name>Admin</name>
    </author>
    <summary type="html">Hi Narendra,

To get the information about user, you&amp;#39;ll first need to get permissions from the user to read those data from his profile.

See here &lt;a href="https://developers.facebook.com/docs/authentication/permissions/" rel="nofollow"&gt;developers.facebook.com/.../&lt;/a&gt; lists different permissions. You can set the required permissions in your facebook application setup page.

Thanks</summary>
    <published>2012-06-29T21:46:41+00:00</published>
    <link rel="related" href="https://theonetechnologies.com/blog/post/aspnet-login-with-facebook-and-graph-api#id_c6a56ad9-9659-412f-b5e5-9b27573b3086#comment" />
    <dc:publisher>Admin</dc:publisher>
    <pingback:server>https://theonetechnologies.com/blog/pingback.axd</pingback:server>
    <pingback:target>https://theonetechnologies.com/blog/post/aspnet-login-with-facebook-and-graph-api#id_c6a56ad9-9659-412f-b5e5-9b27573b3086</pingback:target>
    <wfw:comment>https://theonetechnologies.com/blog/post/aspnet-login-with-facebook-and-graph-api#id_c6a56ad9-9659-412f-b5e5-9b27573b3086#comment</wfw:comment>
    <wfw:commentRss>https://theonetechnologies.com/blog/syndication.axd?post=c6a56ad9-9659-412f-b5e5-9b27573b3086</wfw:commentRss>
  </entry>
  <entry>
    <id>https://theonetechnologies.com/blog/post/aspnet-login-with-facebook-and-graph-api#id_1da9bd68-3806-4736-9641-1eb2271ef198</id>
    <title>Nagendra on &lt;a href="/blog/post/aspnet-login-with-facebook-and-graph-api#id_1da9bd68-3806-4736-9641-1eb2271ef198" alt="/blog/post/aspnet-login-with-facebook-and-graph-api#id_1da9bd68-3806-4736-9641-1eb2271ef198"&gt;ASP.NET - login with facebook and graph API&lt;/a&gt;</title>
    <updated>2012-07-12T03:06:11+00:00</updated>
    <link rel="self" href="https://theonetechnologies.com/blog/post/aspnet-login-with-facebook-and-graph-api#id_1da9bd68-3806-4736-9641-1eb2271ef198" />
    <link href="https://theonetechnologies.com/blog/post/aspnet-login-with-facebook-and-graph-api#id_1da9bd68-3806-4736-9641-1eb2271ef198" />
    <author>
      <name>Nagendra</name>
    </author>
    <summary type="html">hi.. thank you for your help. but this code works only client side not working in server side. in server side the page goes to error page. can i do any changes in app settings.. please help me..


thank you....</summary>
    <published>2012-07-12T03:06:11+00:00</published>
    <link rel="related" href="https://theonetechnologies.com/blog/post/aspnet-login-with-facebook-and-graph-api#id_1da9bd68-3806-4736-9641-1eb2271ef198#comment" />
    <dc:publisher>Nagendra</dc:publisher>
    <pingback:server>https://theonetechnologies.com/blog/pingback.axd</pingback:server>
    <pingback:target>https://theonetechnologies.com/blog/post/aspnet-login-with-facebook-and-graph-api#id_1da9bd68-3806-4736-9641-1eb2271ef198</pingback:target>
    <wfw:comment>https://theonetechnologies.com/blog/post/aspnet-login-with-facebook-and-graph-api#id_1da9bd68-3806-4736-9641-1eb2271ef198#comment</wfw:comment>
    <wfw:commentRss>https://theonetechnologies.com/blog/syndication.axd?post=1da9bd68-3806-4736-9641-1eb2271ef198</wfw:commentRss>
  </entry>
  <entry>
    <id>https://theonetechnologies.com/blog/post/aspnet-login-with-facebook-and-graph-api#id_ac9f6007-ca6e-41e0-b08f-1077075ce155</id>
    <title>Nagendra on &lt;a href="/blog/post/aspnet-login-with-facebook-and-graph-api#id_ac9f6007-ca6e-41e0-b08f-1077075ce155" alt="/blog/post/aspnet-login-with-facebook-and-graph-api#id_ac9f6007-ca6e-41e0-b08f-1077075ce155"&gt;ASP.NET - login with facebook and graph API&lt;/a&gt;</title>
    <updated>2012-07-14T04:08:28+00:00</updated>
    <link rel="self" href="https://theonetechnologies.com/blog/post/aspnet-login-with-facebook-and-graph-api#id_ac9f6007-ca6e-41e0-b08f-1077075ce155" />
    <link href="https://theonetechnologies.com/blog/post/aspnet-login-with-facebook-and-graph-api#id_ac9f6007-ca6e-41e0-b08f-1077075ce155" />
    <author>
      <name>Nagendra</name>
    </author>
    <summary type="html">hi...
thank you very much..
i used this code in my site..
it&amp;#39;s working....</summary>
    <published>2012-07-14T04:08:28+00:00</published>
    <link rel="related" href="https://theonetechnologies.com/blog/post/aspnet-login-with-facebook-and-graph-api#id_ac9f6007-ca6e-41e0-b08f-1077075ce155#comment" />
    <dc:publisher>Nagendra</dc:publisher>
    <pingback:server>https://theonetechnologies.com/blog/pingback.axd</pingback:server>
    <pingback:target>https://theonetechnologies.com/blog/post/aspnet-login-with-facebook-and-graph-api#id_ac9f6007-ca6e-41e0-b08f-1077075ce155</pingback:target>
    <wfw:comment>https://theonetechnologies.com/blog/post/aspnet-login-with-facebook-and-graph-api#id_ac9f6007-ca6e-41e0-b08f-1077075ce155#comment</wfw:comment>
    <wfw:commentRss>https://theonetechnologies.com/blog/syndication.axd?post=ac9f6007-ca6e-41e0-b08f-1077075ce155</wfw:commentRss>
  </entry>
  <entry>
    <id>https://theonetechnologies.com/blog/post/aspnet-login-with-facebook-and-graph-api#id_d9004aeb-a0a6-486b-b8e5-f9688a7d8c09</id>
    <title>shujaath on &lt;a href="/blog/post/aspnet-login-with-facebook-and-graph-api#id_d9004aeb-a0a6-486b-b8e5-f9688a7d8c09" alt="/blog/post/aspnet-login-with-facebook-and-graph-api#id_d9004aeb-a0a6-486b-b8e5-f9688a7d8c09"&gt;ASP.NET - login with facebook and graph API&lt;/a&gt;</title>
    <updated>2012-07-24T22:36:18+00:00</updated>
    <link rel="self" href="https://theonetechnologies.com/blog/post/aspnet-login-with-facebook-and-graph-api#id_d9004aeb-a0a6-486b-b8e5-f9688a7d8c09" />
    <link href="https://theonetechnologies.com/blog/post/aspnet-login-with-facebook-and-graph-api#id_d9004aeb-a0a6-486b-b8e5-f9688a7d8c09" />
    <author>
      <name>shujaath</name>
    </author>
    <summary type="html">Nice it helped me a lot!</summary>
    <published>2012-07-24T22:36:18+00:00</published>
    <link rel="related" href="https://theonetechnologies.com/blog/post/aspnet-login-with-facebook-and-graph-api#id_d9004aeb-a0a6-486b-b8e5-f9688a7d8c09#comment" />
    <dc:publisher>shujaath</dc:publisher>
    <pingback:server>https://theonetechnologies.com/blog/pingback.axd</pingback:server>
    <pingback:target>https://theonetechnologies.com/blog/post/aspnet-login-with-facebook-and-graph-api#id_d9004aeb-a0a6-486b-b8e5-f9688a7d8c09</pingback:target>
    <wfw:comment>https://theonetechnologies.com/blog/post/aspnet-login-with-facebook-and-graph-api#id_d9004aeb-a0a6-486b-b8e5-f9688a7d8c09#comment</wfw:comment>
    <wfw:commentRss>https://theonetechnologies.com/blog/syndication.axd?post=d9004aeb-a0a6-486b-b8e5-f9688a7d8c09</wfw:commentRss>
  </entry>
  <entry>
    <id>https://theonetechnologies.com/blog/post/aspnet-login-with-facebook-and-graph-api#id_557de8ea-8f52-4de2-b0db-65b7d09ab4c0</id>
    <title>hari on &lt;a href="/blog/post/aspnet-login-with-facebook-and-graph-api#id_557de8ea-8f52-4de2-b0db-65b7d09ab4c0" alt="/blog/post/aspnet-login-with-facebook-and-graph-api#id_557de8ea-8f52-4de2-b0db-65b7d09ab4c0"&gt;ASP.NET - login with facebook and graph API&lt;/a&gt;</title>
    <updated>2012-08-16T00:50:40+00:00</updated>
    <link rel="self" href="https://theonetechnologies.com/blog/post/aspnet-login-with-facebook-and-graph-api#id_557de8ea-8f52-4de2-b0db-65b7d09ab4c0" />
    <link href="https://theonetechnologies.com/blog/post/aspnet-login-with-facebook-and-graph-api#id_557de8ea-8f52-4de2-b0db-65b7d09ab4c0" />
    <author>
      <name>hari</name>
    </author>
    <summary type="html">hi..
i want code for how to call manage_pages ..
and how can i bind it in dropdownlist
please help me..


thank u....</summary>
    <published>2012-08-16T00:50:40+00:00</published>
    <link rel="related" href="https://theonetechnologies.com/blog/post/aspnet-login-with-facebook-and-graph-api#id_557de8ea-8f52-4de2-b0db-65b7d09ab4c0#comment" />
    <dc:publisher>hari</dc:publisher>
    <pingback:server>https://theonetechnologies.com/blog/pingback.axd</pingback:server>
    <pingback:target>https://theonetechnologies.com/blog/post/aspnet-login-with-facebook-and-graph-api#id_557de8ea-8f52-4de2-b0db-65b7d09ab4c0</pingback:target>
    <wfw:comment>https://theonetechnologies.com/blog/post/aspnet-login-with-facebook-and-graph-api#id_557de8ea-8f52-4de2-b0db-65b7d09ab4c0#comment</wfw:comment>
    <wfw:commentRss>https://theonetechnologies.com/blog/syndication.axd?post=557de8ea-8f52-4de2-b0db-65b7d09ab4c0</wfw:commentRss>
  </entry>
  <entry>
    <id>https://theonetechnologies.com/blog/post/aspnet-login-with-facebook-and-graph-api#id_9511b83e-705f-41f4-9213-4e53fd5f080a</id>
    <title>Nani on &lt;a href="/blog/post/aspnet-login-with-facebook-and-graph-api#id_9511b83e-705f-41f4-9213-4e53fd5f080a" alt="/blog/post/aspnet-login-with-facebook-and-graph-api#id_9511b83e-705f-41f4-9213-4e53fd5f080a"&gt;ASP.NET - login with facebook and graph API&lt;/a&gt;</title>
    <updated>2012-08-16T00:53:45+00:00</updated>
    <link rel="self" href="https://theonetechnologies.com/blog/post/aspnet-login-with-facebook-and-graph-api#id_9511b83e-705f-41f4-9213-4e53fd5f080a" />
    <link href="https://theonetechnologies.com/blog/post/aspnet-login-with-facebook-and-graph-api#id_9511b83e-705f-41f4-9213-4e53fd5f080a" />
    <author>
      <name>Nani</name>
    </author>
    <summary type="html">hi...
how can i call manage_pages..
i can entered it in scope. the pages are getting but i didn't understand how can i call it in front end..
please help me

thank u...</summary>
    <published>2012-08-16T00:53:45+00:00</published>
    <link rel="related" href="https://theonetechnologies.com/blog/post/aspnet-login-with-facebook-and-graph-api#id_9511b83e-705f-41f4-9213-4e53fd5f080a#comment" />
    <dc:publisher>Nani</dc:publisher>
    <pingback:server>https://theonetechnologies.com/blog/pingback.axd</pingback:server>
    <pingback:target>https://theonetechnologies.com/blog/post/aspnet-login-with-facebook-and-graph-api#id_9511b83e-705f-41f4-9213-4e53fd5f080a</pingback:target>
    <wfw:comment>https://theonetechnologies.com/blog/post/aspnet-login-with-facebook-and-graph-api#id_9511b83e-705f-41f4-9213-4e53fd5f080a#comment</wfw:comment>
    <wfw:commentRss>https://theonetechnologies.com/blog/syndication.axd?post=9511b83e-705f-41f4-9213-4e53fd5f080a</wfw:commentRss>
  </entry>
  <entry>
    <id>https://theonetechnologies.com/blog/post/aspnet-login-with-facebook-and-graph-api#id_bba2d536-7c2e-45e4-a934-92e892a4c10c</id>
    <title>Jagadeesh on &lt;a href="/blog/post/aspnet-login-with-facebook-and-graph-api#id_bba2d536-7c2e-45e4-a934-92e892a4c10c" alt="/blog/post/aspnet-login-with-facebook-and-graph-api#id_bba2d536-7c2e-45e4-a934-92e892a4c10c"&gt;ASP.NET - login with facebook and graph API&lt;/a&gt;</title>
    <updated>2012-08-17T00:23:07+00:00</updated>
    <link rel="self" href="https://theonetechnologies.com/blog/post/aspnet-login-with-facebook-and-graph-api#id_bba2d536-7c2e-45e4-a934-92e892a4c10c" />
    <link href="https://theonetechnologies.com/blog/post/aspnet-login-with-facebook-and-graph-api#id_bba2d536-7c2e-45e4-a934-92e892a4c10c" />
    <author>
      <name>Jagadeesh</name>
    </author>
    <summary type="html">hi..
i want c# code for how to import facebook pages  in dropdownlist.



thank you...</summary>
    <published>2012-08-17T00:23:07+00:00</published>
    <link rel="related" href="https://theonetechnologies.com/blog/post/aspnet-login-with-facebook-and-graph-api#id_bba2d536-7c2e-45e4-a934-92e892a4c10c#comment" />
    <dc:publisher>Jagadeesh</dc:publisher>
    <pingback:server>https://theonetechnologies.com/blog/pingback.axd</pingback:server>
    <pingback:target>https://theonetechnologies.com/blog/post/aspnet-login-with-facebook-and-graph-api#id_bba2d536-7c2e-45e4-a934-92e892a4c10c</pingback:target>
    <wfw:comment>https://theonetechnologies.com/blog/post/aspnet-login-with-facebook-and-graph-api#id_bba2d536-7c2e-45e4-a934-92e892a4c10c#comment</wfw:comment>
    <wfw:commentRss>https://theonetechnologies.com/blog/syndication.axd?post=bba2d536-7c2e-45e4-a934-92e892a4c10c</wfw:commentRss>
  </entry>
  <entry>
    <id>https://theonetechnologies.com/blog/post/aspnet-login-with-facebook-and-graph-api#id_ccd5ad58-e371-4841-9651-a7efad8e7ef9</id>
    <title>Ram on &lt;a href="/blog/post/aspnet-login-with-facebook-and-graph-api#id_ccd5ad58-e371-4841-9651-a7efad8e7ef9" alt="/blog/post/aspnet-login-with-facebook-and-graph-api#id_ccd5ad58-e371-4841-9651-a7efad8e7ef9"&gt;ASP.NET - login with facebook and graph API&lt;/a&gt;</title>
    <updated>2012-10-16T06:37:29+00:00</updated>
    <link rel="self" href="https://theonetechnologies.com/blog/post/aspnet-login-with-facebook-and-graph-api#id_ccd5ad58-e371-4841-9651-a7efad8e7ef9" />
    <link href="https://theonetechnologies.com/blog/post/aspnet-login-with-facebook-and-graph-api#id_ccd5ad58-e371-4841-9651-a7efad8e7ef9" />
    <author>
      <name>Ram</name>
    </author>
    <summary type="html">
I got this error

The name &amp;#39;FacebookLogin&amp;#39; does not exist in the current context
</summary>
    <published>2012-10-16T06:37:29+00:00</published>
    <link rel="related" href="https://theonetechnologies.com/blog/post/aspnet-login-with-facebook-and-graph-api#id_ccd5ad58-e371-4841-9651-a7efad8e7ef9#comment" />
    <dc:publisher>Ram</dc:publisher>
    <pingback:server>https://theonetechnologies.com/blog/pingback.axd</pingback:server>
    <pingback:target>https://theonetechnologies.com/blog/post/aspnet-login-with-facebook-and-graph-api#id_ccd5ad58-e371-4841-9651-a7efad8e7ef9</pingback:target>
    <wfw:comment>https://theonetechnologies.com/blog/post/aspnet-login-with-facebook-and-graph-api#id_ccd5ad58-e371-4841-9651-a7efad8e7ef9#comment</wfw:comment>
    <wfw:commentRss>https://theonetechnologies.com/blog/syndication.axd?post=ccd5ad58-e371-4841-9651-a7efad8e7ef9</wfw:commentRss>
  </entry>
  <entry>
    <id>https://theonetechnologies.com/blog/post/aspnet-login-with-facebook-and-graph-api#id_56fe40cb-8659-44a7-be8c-db62b96cf560</id>
    <title>Ram on &lt;a href="/blog/post/aspnet-login-with-facebook-and-graph-api#id_56fe40cb-8659-44a7-be8c-db62b96cf560" alt="/blog/post/aspnet-login-with-facebook-and-graph-api#id_56fe40cb-8659-44a7-be8c-db62b96cf560"&gt;ASP.NET - login with facebook and graph API&lt;/a&gt;</title>
    <updated>2012-10-16T06:56:20+00:00</updated>
    <link rel="self" href="https://theonetechnologies.com/blog/post/aspnet-login-with-facebook-and-graph-api#id_56fe40cb-8659-44a7-be8c-db62b96cf560" />
    <link href="https://theonetechnologies.com/blog/post/aspnet-login-with-facebook-and-graph-api#id_56fe40cb-8659-44a7-be8c-db62b96cf560" />
    <author>
      <name>Ram</name>
    </author>
    <summary type="html">Hi

I got this error  The name &amp;#39;FacebookLogin&amp;#39; does not exist in the current context,please help me



</summary>
    <published>2012-10-16T06:56:20+00:00</published>
    <link rel="related" href="https://theonetechnologies.com/blog/post/aspnet-login-with-facebook-and-graph-api#id_56fe40cb-8659-44a7-be8c-db62b96cf560#comment" />
    <dc:publisher>Ram</dc:publisher>
    <pingback:server>https://theonetechnologies.com/blog/pingback.axd</pingback:server>
    <pingback:target>https://theonetechnologies.com/blog/post/aspnet-login-with-facebook-and-graph-api#id_56fe40cb-8659-44a7-be8c-db62b96cf560</pingback:target>
    <wfw:comment>https://theonetechnologies.com/blog/post/aspnet-login-with-facebook-and-graph-api#id_56fe40cb-8659-44a7-be8c-db62b96cf560#comment</wfw:comment>
    <wfw:commentRss>https://theonetechnologies.com/blog/syndication.axd?post=56fe40cb-8659-44a7-be8c-db62b96cf560</wfw:commentRss>
  </entry>
  <entry>
    <id>https://theonetechnologies.com/blog/post/aspnet-login-with-facebook-and-graph-api#id_57b875db-6217-45b2-a45a-9f8e35faa119</id>
    <title>&lt;a class="comment_auth" href="https://theonetechnologies.com/" alt="https://theonetechnologies.com/" title="https://theonetechnologies.com/"&gt;Admin&lt;/a&gt; on &lt;a href="/blog/post/aspnet-login-with-facebook-and-graph-api#id_57b875db-6217-45b2-a45a-9f8e35faa119" alt="/blog/post/aspnet-login-with-facebook-and-graph-api#id_57b875db-6217-45b2-a45a-9f8e35faa119"&gt;ASP.NET - login with facebook and graph API&lt;/a&gt;</title>
    <updated>2012-10-20T04:14:21+00:00</updated>
    <link rel="self" href="https://theonetechnologies.com/blog/post/aspnet-login-with-facebook-and-graph-api#id_57b875db-6217-45b2-a45a-9f8e35faa119" />
    <link href="https://theonetechnologies.com/blog/post/aspnet-login-with-facebook-and-graph-api#id_57b875db-6217-45b2-a45a-9f8e35faa119" />
    <author>
      <name>Admin</name>
    </author>
    <summary type="html">Just use your facebook application Id in place of &amp;lt;%= FacebookLogin.callback.FaceBookAppKey %&amp;gt;</summary>
    <published>2012-10-20T04:14:21+00:00</published>
    <link rel="related" href="https://theonetechnologies.com/blog/post/aspnet-login-with-facebook-and-graph-api#id_57b875db-6217-45b2-a45a-9f8e35faa119#comment" />
    <dc:publisher>Admin</dc:publisher>
    <pingback:server>https://theonetechnologies.com/blog/pingback.axd</pingback:server>
    <pingback:target>https://theonetechnologies.com/blog/post/aspnet-login-with-facebook-and-graph-api#id_57b875db-6217-45b2-a45a-9f8e35faa119</pingback:target>
    <wfw:comment>https://theonetechnologies.com/blog/post/aspnet-login-with-facebook-and-graph-api#id_57b875db-6217-45b2-a45a-9f8e35faa119#comment</wfw:comment>
    <wfw:commentRss>https://theonetechnologies.com/blog/syndication.axd?post=57b875db-6217-45b2-a45a-9f8e35faa119</wfw:commentRss>
  </entry>
  <entry>
    <id>https://theonetechnologies.com/blog/post/aspnet-login-with-facebook-and-graph-api#id_b7806f56-ae6a-4f44-b5fb-34fbb236559c</id>
    <title>&lt;a class="comment_auth" href="http://ecanswers.org/wordpress/zermeno/2014/11/25/get-friends-location-controlling-facebook-graph-api-hybridauth/" alt="http://ecanswers.org/wordpress/zermeno/2014/11/25/get-friends-location-controlling-facebook-graph-api-hybridauth/" title="http://ecanswers.org/wordpress/zermeno/2014/11/25/get-friends-location-controlling-facebook-graph-api-hybridauth/"&gt;ecanswers.org&lt;/a&gt; on &lt;a href="/blog/post/aspnet-login-with-facebook-and-graph-api#id_b7806f56-ae6a-4f44-b5fb-34fbb236559c" alt="/blog/post/aspnet-login-with-facebook-and-graph-api#id_b7806f56-ae6a-4f44-b5fb-34fbb236559c"&gt;ASP.NET - login with facebook and graph API&lt;/a&gt;</title>
    <updated>2014-11-25T14:45:20+00:00</updated>
    <link rel="self" href="https://theonetechnologies.com/blog/post/aspnet-login-with-facebook-and-graph-api#id_b7806f56-ae6a-4f44-b5fb-34fbb236559c" />
    <link href="https://theonetechnologies.com/blog/post/aspnet-login-with-facebook-and-graph-api#id_b7806f56-ae6a-4f44-b5fb-34fbb236559c" />
    <author>
      <name>ecanswers.org</name>
    </author>
    <summary type="html">Pingback from ecanswers.org

Get Friends Location controlling Facebook Graph API &amp;amp; HybridAuth | Zermeno</summary>
    <published>2014-11-25T14:45:20+00:00</published>
    <link rel="related" href="https://theonetechnologies.com/blog/post/aspnet-login-with-facebook-and-graph-api#id_b7806f56-ae6a-4f44-b5fb-34fbb236559c#comment" />
    <dc:publisher>ecanswers.org</dc:publisher>
    <pingback:server>https://theonetechnologies.com/blog/pingback.axd</pingback:server>
    <pingback:target>https://theonetechnologies.com/blog/post/aspnet-login-with-facebook-and-graph-api#id_b7806f56-ae6a-4f44-b5fb-34fbb236559c</pingback:target>
    <wfw:comment>https://theonetechnologies.com/blog/post/aspnet-login-with-facebook-and-graph-api#id_b7806f56-ae6a-4f44-b5fb-34fbb236559c#comment</wfw:comment>
    <wfw:commentRss>https://theonetechnologies.com/blog/syndication.axd?post=b7806f56-ae6a-4f44-b5fb-34fbb236559c</wfw:commentRss>
  </entry>
</feed>