﻿<?xml version="1.0" encoding="utf-8"?>
<feed xmlns:blogChannel="http://backend.userland.com/blogChannelModule" xmlns:dc="http://purl.org/dc/elements/1.1/" xmlns:pingback="http://madskills.com/public/xml/rss/module/pingback/" xmlns:trackback="http://madskills.com/public/xml/rss/module/trackback/" xmlns:wfw="http://wellformedweb.org/CommentAPI/" xmlns:slash="http://purl.org/rss/1.0/modules/slash/" xmlns:geo="http://www.w3.org/2003/01/geo/wgs84_pos#" xmlns:betag="http://dotnetblogengine.net/schemas/tags" xmlns="http://www.w3.org/2005/Atom">
  <id>https://theonetechnologies.com/blog/</id>
  <title>The One Technologies - MySQL - Bulk data import using .Net connector MySqlBulkLoader Class</title>
  <updated>2012-08-18T02:23:48+00:00</updated>
  <link href="https://theonetechnologies.com/blog/" />
  <link rel="self" href="https://theonetechnologies.com/blog/syndication.axd?format=atom" />
  <subtitle>ASP.NET, IIS, Web Development Outsourcing</subtitle>
  <author>
    <name>The One Technologies</name>
  </author>
  <generator uri="http://dotnetblogengine.net/" version="1.0.0.0">BlogEngine.Net Syndication Generator</generator>
  <blogChannel:blogRoll>https://theonetechnologies.com/blog/opml.axd</blogChannel:blogRoll>
  <dc:creator>The One Technologies</dc:creator>
  <dc:description>ASP.NET, IIS, Web Development Outsourcing</dc:description>
  <dc:language>en-US</dc:language>
  <dc:title>The One Technologies</dc:title>
  <geo:lat>0.000000</geo:lat>
  <geo:long>0.000000</geo:long>
  <entry>
    <id>https://theonetechnologies.com/blog/post/mysql-bulk-data-import-using-net-connector-mysqlbulkloader-class#id_87e92b4d-1dc0-414e-8bcf-52c5d07a75e4</id>
    <title>Steve Johnson on &lt;a href="/blog/post/mysql-bulk-data-import-using-net-connector-mysqlbulkloader-class#id_87e92b4d-1dc0-414e-8bcf-52c5d07a75e4" alt="/blog/post/mysql-bulk-data-import-using-net-connector-mysqlbulkloader-class#id_87e92b4d-1dc0-414e-8bcf-52c5d07a75e4"&gt;MySQL - Bulk data import using .Net connector MySqlBulkLoader Class&lt;/a&gt;</title>
    <updated>2012-08-18T02:23:48+00:00</updated>
    <link rel="self" href="https://theonetechnologies.com/blog/post/mysql-bulk-data-import-using-net-connector-mysqlbulkloader-class#id_87e92b4d-1dc0-414e-8bcf-52c5d07a75e4" />
    <link href="https://theonetechnologies.com/blog/post/mysql-bulk-data-import-using-net-connector-mysqlbulkloader-class#id_87e92b4d-1dc0-414e-8bcf-52c5d07a75e4" />
    <author>
      <name>Steve Johnson</name>
    </author>
    <summary type="html">good informtion on .Net connector and MySqlBulkLoader Class</summary>
    <published>2012-08-18T02:23:48+00:00</published>
    <link rel="related" href="https://theonetechnologies.com/blog/post/mysql-bulk-data-import-using-net-connector-mysqlbulkloader-class#id_87e92b4d-1dc0-414e-8bcf-52c5d07a75e4#comment" />
    <dc:publisher>Steve Johnson</dc:publisher>
    <pingback:server>https://theonetechnologies.com/blog/pingback.axd</pingback:server>
    <pingback:target>https://theonetechnologies.com/blog/post/mysql-bulk-data-import-using-net-connector-mysqlbulkloader-class#id_87e92b4d-1dc0-414e-8bcf-52c5d07a75e4</pingback:target>
    <wfw:comment>https://theonetechnologies.com/blog/post/mysql-bulk-data-import-using-net-connector-mysqlbulkloader-class#id_87e92b4d-1dc0-414e-8bcf-52c5d07a75e4#comment</wfw:comment>
    <wfw:commentRss>https://theonetechnologies.com/blog/syndication.axd?post=87e92b4d-1dc0-414e-8bcf-52c5d07a75e4</wfw:commentRss>
  </entry>
</feed>