﻿<?xml version="1.0" encoding="utf-8"?>
<rss version="2.0" xmlns:blogChannel="http://backend.userland.com/blogChannelModule" xmlns:dc="http://purl.org/dc/elements/1.1/" xmlns:pingback="http://madskills.com/public/xml/rss/module/pingback/" xmlns:trackback="http://madskills.com/public/xml/rss/module/trackback/" xmlns:wfw="http://wellformedweb.org/CommentAPI/" xmlns:slash="http://purl.org/rss/1.0/modules/slash/" xmlns:geo="http://www.w3.org/2003/01/geo/wgs84_pos#" xmlns:betag="http://dotnetblogengine.net/schemas/tags">
  <channel>
    <title>The One Technologies - MySQL</title>
    <description>ASP.NET, IIS, Web Development Outsourcing</description>
    <link>https://theonetechnologies.com/blog/</link>
    <docs>http://www.rssboard.org/rss-specification</docs>
    <generator>BlogEngine.NET 3.3.0.1</generator>
    <language>en-US</language>
    <blogChannel:blogRoll>https://theonetechnologies.com/blog/opml.axd</blogChannel:blogRoll>
    <dc:creator>The One Technologies</dc:creator>
    <dc:title>The One Technologies</dc:title>
    <geo:lat>0.000000</geo:lat>
    <geo:long>0.000000</geo:long>
    <item>
      <title>PHP development India by The One Technologies</title>
      <description>&lt;p&gt;PHP language is considered one of the most popular &amp;amp; most widely accepted open source web development technology. PHP is adopted among web developers because it is easy to read and understand. PHP development is gaining ground in the technology market. PHP Web development is considered to offer the most efficient solution when in combination with LINUX, MySQL and Apache. This combination is better known as the LAMP technologies.&lt;/p&gt;
&lt;p&gt;Few of various benefits of PHP development technologies are :&lt;/p&gt;
&lt;ul&gt;
&lt;li&gt;Freely available - PHP is open source and is developed and updated by a community of developers from around the globe. Therefore, all its components are free to use and distribute. No hassles of license purchase or acquisition.&lt;/li&gt;
&lt;li&gt;Platform Independent - It can be run on all major operating systems like Linux, UNIX, Mac OS and Windows. Cost Effective Hosting and Free upgrades.&lt;/li&gt;
&lt;li&gt;Supports All Major Web Servers - Cost Effective Hosting and Free upgrades&lt;/li&gt;
&lt;li&gt;Highly Secure and Reliable - It has multiple layers of security to prevent threats and malicious attacks.&lt;/li&gt;
&lt;li&gt;Faster Developments - It uses its own memory space and thus decreases the loading time and workload from the server. The processing speed is fast and web applications like Ecommerce, CRM, CMS and Forums are also developed faster by it.&lt;/li&gt;
&lt;/ul&gt;
&lt;p&gt;With PHP becoming a huge open market, the language will only continue to grow and develop. Because of its ease of use, high compatibility, wide accessibility, and cost efficiency, it&amp;rsquo;s no wonder PHP is the most popular server-side scripting language.&lt;/p&gt;</description>
      <link>https://theonetechnologies.com/blog/post/PHP-development-India-by-The-One-Technologies</link>
      <author>info@theonetechnologies.com</author>
      <comments>https://theonetechnologies.com/blog/post/PHP-development-India-by-The-One-Technologies#comment</comments>
      <guid>https://theonetechnologies.com/blog/post.aspx?id=d6c71105-5f2d-4da4-8e55-c0c71202cd51</guid>
      <pubDate>Sat, 12 Sep 2015 04:39:00 +0000</pubDate>
      <category>MySQL</category>
      <category>Open Source</category>
      <category>PHP</category>
      <category>Small Business</category>
      <category>Software Outsourcing</category>
      <category>Web Design</category>
      <dc:publisher>Admin</dc:publisher>
      <pingback:server>https://theonetechnologies.com/blog/pingback.axd</pingback:server>
      <pingback:target>https://theonetechnologies.com/blog/post.aspx?id=d6c71105-5f2d-4da4-8e55-c0c71202cd51</pingback:target>
      <slash:comments>0</slash:comments>
      <trackback:ping>https://theonetechnologies.com/blog/trackback.axd?id=d6c71105-5f2d-4da4-8e55-c0c71202cd51</trackback:ping>
      <wfw:comment>https://theonetechnologies.com/blog/post/PHP-development-India-by-The-One-Technologies#comment</wfw:comment>
      <wfw:commentRss>https://theonetechnologies.com/blog/syndication.axd?post=d6c71105-5f2d-4da4-8e55-c0c71202cd51</wfw:commentRss>
    </item>
    <item>
      <title>Outsourcing</title>
      <description>&lt;p class="MsoNormal" style="text-align: justify;"&gt;Outsourcing can be consider as not just&amp;nbsp; idea but now a days it&amp;rsquo;s a concept for rapid growth. The term of outsourcing has been discovered years ago, but it came in lime light just a decade ago.&lt;/p&gt;
&lt;p class="MsoNormal" style="text-align: justify;"&gt;Outsourcing generally means taking the help from the third person and appraising him by providing the monitorial funds for the same activity. This activity can be considered as the contract that cab be initiated and can be terminated as per the needs.&lt;/p&gt;
&lt;p class="MsoNormal" style="text-align: justify;"&gt;The concept of outsourcing can be implemented when the firm wants to expand its business aspects as well as to get the better options for the business requirements. Now a day the outsourcing is implemented just to complete the requirements at a competitive cost with best expert skills.&lt;/p&gt;
&lt;p class="MsoNormal" style="text-align: justify;"&gt;The outsourcing can reduce the currents costs as well as it can help the company to expand its idea at a great level. The concept of virtual staffing, increase in efficiency, reduce in turnaround time leads the company to achieve the high level of profit earning.&lt;/p&gt;
&lt;p class="MsoNormal" style="text-align: justify;"&gt;Like many other business, there should be a proper planning and research for choosing the best outsourcing partner. Using the outsourcing, the business can concentrate on its core activities and can achieve the desired goal in the same. So to concept of the off-focusing towards the main goal does not rise.&lt;/p&gt;
&lt;p class="MsoNormal" style="text-align: justify;"&gt;&lt;span style="font-family: Wingdings; mso-fareast-font-family: Wingdings; mso-bidi-font-family: Wingdings;"&gt;&lt;span style="font-stretch: normal; font-size: 7pt; line-height: normal; font-family: 'Times New Roman';"&gt;&amp;nbsp;&lt;/span&gt;&lt;/span&gt;&lt;!--[endif]--&gt;&lt;strong&gt;&lt;u&gt;The main benefits of having the outsourcing partner are given below:&lt;/u&gt;&lt;/strong&gt;&lt;/p&gt;
&lt;p class="MsoListParagraphCxSpLast" style="text-align: justify; text-indent: -.25in; mso-list: l1 level1 lfo2;"&gt;&lt;!-- [if !supportLists]--&gt;&lt;span style="font-family: Symbol; mso-fareast-font-family: Symbol; mso-bidi-font-family: Symbol;"&gt;&amp;middot;&lt;span style="font-stretch: normal; font-size: 7pt; line-height: normal; font-family: 'Times New Roman';"&gt;&amp;nbsp;&amp;nbsp;&amp;nbsp;&amp;nbsp;&amp;nbsp;&amp;nbsp;&amp;nbsp;&amp;nbsp; &lt;/span&gt;&lt;/span&gt;&lt;!--[endif]--&gt;&lt;strong&gt;Explore the world of the expertise:&lt;/strong&gt;&lt;/p&gt;
&lt;p class="MsoNormal" style="text-align: justify;"&gt;This can be considered as the main reason of choosing the outsourcing. The business can get the best of the skills from the market without wasting the time in training. While the process of the recruitment can be considered as tedious and time consuming. Outsourcing can help the business to focus on its core functions. Assigning the work to a expert that have best skills for the assigned task can help the business to achieve the desired goals.&lt;/p&gt;
&lt;p class="MsoListParagraph" style="text-align: justify; text-indent: -.25in; mso-list: l1 level1 lfo2;"&gt;&lt;!-- [if !supportLists]--&gt;&lt;span style="font-family: Symbol; mso-fareast-font-family: Symbol; mso-bidi-font-family: Symbol;"&gt;&amp;middot;&lt;span style="font-stretch: normal; font-size: 7pt; line-height: normal; font-family: 'Times New Roman';"&gt;&amp;nbsp;&amp;nbsp;&amp;nbsp;&amp;nbsp;&amp;nbsp;&amp;nbsp;&amp;nbsp;&amp;nbsp; &lt;/span&gt;&lt;/span&gt;&lt;!--[endif]--&gt;&lt;strong&gt;Focus on what you are expert:&lt;/strong&gt;&lt;/p&gt;
&lt;p class="MsoNormal" style="text-align: justify;"&gt;Basically the concept of outsourcing means assigning the work to the third party. That helps the business unit to concentrate on its main core activities. While the third party was concentrating on its assigned tasks. The work load in the business environment also reduces with the help of the outsourcing.&lt;/p&gt;
&lt;p class="MsoListParagraph" style="text-align: justify; text-indent: -.25in; mso-list: l1 level1 lfo2;"&gt;&lt;!-- [if !supportLists]--&gt;&lt;span style="font-family: Symbol; mso-fareast-font-family: Symbol; mso-bidi-font-family: Symbol;"&gt;&amp;middot;&lt;span style="font-stretch: normal; font-size: 7pt; line-height: normal; font-family: 'Times New Roman';"&gt;&amp;nbsp;&amp;nbsp;&amp;nbsp;&amp;nbsp;&amp;nbsp;&amp;nbsp;&amp;nbsp;&amp;nbsp; &lt;/span&gt;&lt;/span&gt;&lt;!--[endif]--&gt;&lt;strong&gt;Lesser the risks:&lt;/strong&gt;&lt;/p&gt;
&lt;p class="MsoNormal" style="text-align: justify;"&gt;Well it is said that if you don&amp;rsquo;t know, better not to do. So here the concept of the outsourcing arise and can help the business to achieve the desired requirements. With the skilled virtual employees you can lessens the risks and can grow the business on its core functions.&lt;/p&gt;
&lt;p class="MsoListParagraph" style="text-align: justify; text-indent: -.25in; mso-list: l1 level1 lfo2;"&gt;&lt;!-- [if !supportLists]--&gt;&lt;span style="font-family: Symbol; mso-fareast-font-family: Symbol; mso-bidi-font-family: Symbol;"&gt;&amp;middot;&lt;span style="font-stretch: normal; font-size: 7pt; line-height: normal; font-family: 'Times New Roman';"&gt;&amp;nbsp;&amp;nbsp;&amp;nbsp;&amp;nbsp;&amp;nbsp;&amp;nbsp;&amp;nbsp;&amp;nbsp; &lt;/span&gt;&lt;/span&gt;&lt;!--[endif]--&gt;&lt;strong&gt;Efficient in the core functions:&lt;/strong&gt;&lt;/p&gt;
&lt;p class="MsoNormal" style="text-align: justify;"&gt;As the works is allotted to the outsourcing partner, this helps the internal staff to gain efficiency in the main core concepts. The more time they perform the core tasks they increase their efficiency in the core activities.&lt;/p&gt;
&lt;p class="MsoNormal" style="text-align: justify;"&gt;&lt;strong&gt;Get your business round the clock:&lt;/strong&gt;&lt;/p&gt;
&lt;p class="MsoNormal" style="text-align: justify;"&gt;The concept of different time zone helps a lot to work round the clock. The outsourcing countries like India are in different time zone that gives the company to work even during night. Now that turns the company to work all round the clock.&lt;/p&gt;
&lt;p class="MsoListParagraph" style="text-align: justify; text-indent: -.25in; mso-list: l1 level1 lfo2;"&gt;&lt;!-- [if !supportLists]--&gt;&lt;span style="font-family: Symbol; mso-fareast-font-family: Symbol; mso-bidi-font-family: Symbol;"&gt;&amp;middot;&lt;span style="font-stretch: normal; font-size: 7pt; line-height: normal; font-family: 'Times New Roman';"&gt;&amp;nbsp;&amp;nbsp;&amp;nbsp;&amp;nbsp;&amp;nbsp;&amp;nbsp;&amp;nbsp;&amp;nbsp; &lt;/span&gt;&lt;/span&gt;&lt;!--[endif]--&gt;&lt;strong&gt;Flexible staff:&lt;/strong&gt;&lt;/p&gt;
&lt;p class="MsoNormal" style="text-align: justify;"&gt;Outsourcing considers the independent task allocations, allows the business to maintain the financial flexibility when the task is uncertain in demand. The company can scale up or down according to the demand.&lt;/p&gt;
&lt;p class="MsoListParagraph" style="text-align: justify; text-indent: -.25in; mso-list: l1 level1 lfo2;"&gt;&lt;!-- [if !supportLists]--&gt;&lt;span style="font-family: Symbol; mso-fareast-font-family: Symbol; mso-bidi-font-family: Symbol;"&gt;&amp;middot;&lt;span style="font-stretch: normal; font-size: 7pt; line-height: normal; font-family: 'Times New Roman';"&gt;&amp;nbsp;&amp;nbsp;&amp;nbsp;&amp;nbsp;&amp;nbsp;&amp;nbsp;&amp;nbsp;&amp;nbsp; &lt;/span&gt;&lt;/span&gt;&lt;!--[endif]--&gt;&lt;strong&gt;Improve the service quality:&lt;/strong&gt;&lt;/p&gt;
&lt;p class="MsoNormal" style="text-align: justify;"&gt;With the best outsourcing partner, their skills and unmatched quality the company can get the better level of services. The better quality of service leads to the customer satisfaction. The customer satisfaction is main to expand the business terms.&lt;/p&gt;
&lt;p class="MsoListParagraph" style="text-align: justify; text-indent: -.25in; mso-list: l1 level1 lfo2;"&gt;&lt;!-- [if !supportLists]--&gt;&lt;span style="font-family: Symbol; mso-fareast-font-family: Symbol; mso-bidi-font-family: Symbol;"&gt;&amp;middot;&lt;span style="font-stretch: normal; font-size: 7pt; line-height: normal; font-family: 'Times New Roman';"&gt;&amp;nbsp;&amp;nbsp;&amp;nbsp;&amp;nbsp;&amp;nbsp;&amp;nbsp;&amp;nbsp;&amp;nbsp; &lt;/span&gt;&lt;/span&gt;&lt;!--[endif]--&gt;&lt;strong&gt;Time and money savings:&lt;/strong&gt;&lt;/p&gt;
&lt;p class="MsoNormal" style="text-align: justify;"&gt;With the help of the outsourcing partner, you can concentrate on your core functions that help the business to save the time on other supporting functions. The company can save a lot in the financial terms as the cost for the outsourcing is much lesser than expectations. As we know that when time and money are saved, the chances of business expansion increases.&lt;/p&gt;
&lt;p class="MsoListParagraph" style="text-align: justify; text-indent: -.25in; mso-list: l1 level1 lfo2;"&gt;&lt;!-- [if !supportLists]--&gt;&lt;span style="font-family: Symbol; mso-fareast-font-family: Symbol; mso-bidi-font-family: Symbol;"&gt;&amp;middot;&lt;span style="font-stretch: normal; font-size: 7pt; line-height: normal; font-family: 'Times New Roman';"&gt;&amp;nbsp;&amp;nbsp;&amp;nbsp;&amp;nbsp;&amp;nbsp;&amp;nbsp;&amp;nbsp;&amp;nbsp; &lt;/span&gt;&lt;/span&gt;&lt;!--[endif]--&gt;&lt;strong&gt;Compete with the real competitors:&lt;/strong&gt;&lt;/p&gt;
&lt;p class="MsoNormal" style="text-align: justify;"&gt;The main benefit of implementing the outsourcing is that the company can compete to the rival company with the best options. The perfect strategy can help a lot a business to grow in this competitive market.&lt;/p&gt;
&lt;p class="MsoListParagraph" style="text-align: justify; text-indent: -.25in; mso-list: l1 level1 lfo2;"&gt;&lt;!-- [if !supportLists]--&gt;&lt;span style="font-family: Symbol; mso-fareast-font-family: Symbol; mso-bidi-font-family: Symbol;"&gt;&amp;middot;&lt;span style="font-stretch: normal; font-size: 7pt; line-height: normal; font-family: 'Times New Roman';"&gt;&amp;nbsp;&amp;nbsp;&amp;nbsp;&amp;nbsp;&amp;nbsp;&amp;nbsp;&amp;nbsp;&amp;nbsp; &lt;/span&gt;&lt;/span&gt;&lt;!--[endif]--&gt;&lt;strong&gt;Overall business growth:&lt;/strong&gt;&lt;/p&gt;
&lt;p class="MsoNormal" style="text-align: justify;"&gt;As the business have adapted the concept of outsourcing, it can be seen that there is increase in the productivity, customer satisfaction, level in the quality, business standards and the profit.&lt;/p&gt;</description>
      <link>https://theonetechnologies.com/blog/post/outsourcing-to-india</link>
      <author>info@theonetechnologies.com</author>
      <comments>https://theonetechnologies.com/blog/post/outsourcing-to-india#comment</comments>
      <guid>https://theonetechnologies.com/blog/post.aspx?id=fa8fd751-3d32-44f8-b0bf-a5e8ff0cfef5</guid>
      <pubDate>Tue, 7 Jul 2015 06:37:00 +0000</pubDate>
      <category>ASP.NET</category>
      <category>Facebook</category>
      <category>Google API</category>
      <category>IIS</category>
      <category>LinkedIn API</category>
      <category>MySQL</category>
      <category>Small Business</category>
      <category>Software Outsourcing</category>
      <category>SQL Server</category>
      <category>uCommerce</category>
      <category>Umbraco</category>
      <category>Visual Studio</category>
      <category>Web Design</category>
      <dc:publisher>Admin</dc:publisher>
      <pingback:server>https://theonetechnologies.com/blog/pingback.axd</pingback:server>
      <pingback:target>https://theonetechnologies.com/blog/post.aspx?id=fa8fd751-3d32-44f8-b0bf-a5e8ff0cfef5</pingback:target>
      <slash:comments>0</slash:comments>
      <trackback:ping>https://theonetechnologies.com/blog/trackback.axd?id=fa8fd751-3d32-44f8-b0bf-a5e8ff0cfef5</trackback:ping>
      <wfw:comment>https://theonetechnologies.com/blog/post/outsourcing-to-india#comment</wfw:comment>
      <wfw:commentRss>https://theonetechnologies.com/blog/syndication.axd?post=fa8fd751-3d32-44f8-b0bf-a5e8ff0cfef5</wfw:commentRss>
    </item>
    <item>
      <title>MySQL - Bulk data import using .Net connector MySqlBulkLoader Class</title>
      <description>&lt;p&gt;In our last blog post &lt;a href="https://theonetechnologies.com/blog/post/sql-server-bulk-data-import-using-net-sqlbulkcopy-class"&gt;SQL Server - Bulk data import using .Net SqlBulkCopy Class&lt;/a&gt;, we discussed how to bulk import data in SQL server database.&lt;/p&gt;
&lt;p&gt;Lets see how do we import bulk data in MySQL database? To deal with MySQL database we first need MySQL to .Net connector, which can be downloaded from &lt;a href="http://dev.mysql.com/downloads/connector/net/" target="_blank"&gt;here&lt;/a&gt;. When you install this connector, it will give you DLLs required to deal with MySQL database from .Net code.&lt;/p&gt;
&lt;p&gt;Reference MySql.Data.dll in your .Net project, we'll be using MySqlBulkLoader class to import bulk data. However this class doesn't provide any direct way to load DataTable into database, but it provides way to bulk load .csv file.&lt;/p&gt;
&lt;h2&gt;1. Function to create .csv file from DataTable (you can skip this, if you already have csv file)&lt;/h2&gt;
&lt;pre class="brush: c-sharp;"&gt;public static void CreateCSVfile(DataTable dtable, string strFilePath)
{
    StreamWriter sw = new StreamWriter(strFilePath, false);
    int icolcount = dtable.Columns.Count;
    foreach (DataRow drow in dtable.Rows)
    {
	for (int i = 0; i &amp;lt; icolcount; i++)
	{
	    if (!Convert.IsDBNull(drow[i]))
	    {
		sw.Write(drow[i].ToString());
	    }
	    if (i &amp;lt; icolcount - 1)
	    {
		sw.Write(",");
	    }
	}
	sw.Write(sw.NewLine);
    }
    sw.Close();
    sw.Dispose();
}
&lt;/pre&gt;
&lt;p&gt;&amp;nbsp;&lt;/p&gt;
&lt;h2&gt;2. Import data into MySQL database&lt;/h2&gt;
&lt;pre class="brush: c-sharp;"&gt;private void ImportMySQL()
{
    DataTable orderDetail = new DataTable("ItemDetail");
    DataColumn c = new DataColumn();        // always
    orderDetail.Columns.Add(new DataColumn("ID", Type.GetType("System.Int32")));
    orderDetail.Columns.Add(new DataColumn("value", Type.GetType("System.Int32")));
    orderDetail.Columns.Add(new DataColumn("length", Type.GetType("System.Int32")));
    orderDetail.Columns.Add(new DataColumn("breadth", Type.GetType("System.Int32")));
    orderDetail.Columns.Add(new DataColumn("total", Type.GetType("System.Decimal")));
    orderDetail.Columns["total"].Expression = "value/(length*breadth)";

    //Adding dummy entries
    DataRow dr = orderDetail.NewRow();
    dr["ID"] = 1;
    dr["value"] = 50;
    dr["length"] = 5;
    dr["breadth"] = 8;
    orderDetail.Rows.Add(dr);

    dr = orderDetail.NewRow();
    dr["ID"] = 2;
    dr["value"] = 60;
    dr["length"] = 15;
    dr["breadth"] = 18;
    orderDetail.Rows.Add(dr);
    //Adding dummy entries

    string connectMySQL = "Server=localhost;Database=test;Uid=username;Pwd=password;";
    string strFile = "/TempFolder/MySQL" + DateTime.Now.Ticks.ToString() + ".csv";

    //Create directory if not exist... Make sure directory has required rights..
    if (!Directory.Exists(Server.MapPath("~/TempFolder/")))
	Directory.CreateDirectory(Server.MapPath("~/TempFolder/"));

    //If file does not exist then create it and right data into it..
    if (!File.Exists(Server.MapPath(strFile)))
    {
	FileStream fs = new FileStream(Server.MapPath(strFile), FileMode.Create, FileAccess.Write);
	fs.Close();
	fs.Dispose();
    }

    //Generate csv file from where data read
    CreateCSVfile(orderDetail, Server.MapPath(strFile));
    using (MySqlConnection cn1 = new MySqlConnection(connectMySQL))
    {
	cn1.Open();
	MySqlBulkLoader bcp1 = new MySqlBulkLoader(cn1);
	bcp1.TableName = "productorder"; //Create ProductOrder table into MYSQL database...
	bcp1.FieldTerminator = ",";

	bcp1.LineTerminator = "\r\n";
	bcp1.FileName = Server.MapPath(strFile);
	bcp1.NumberOfLinesToSkip = 0;
	bcp1.Load();

	//Once data write into db then delete file..
	try
	{
	    File.Delete(Server.MapPath(strFile));
	}
	catch (Exception ex)
	{
	    string str = ex.Message;
	}
    }
}&lt;/pre&gt;</description>
      <link>https://theonetechnologies.com/blog/post/mysql-bulk-data-import-using-net-connector-mysqlbulkloader-class</link>
      <author>info@theonetechnologies.com</author>
      <comments>https://theonetechnologies.com/blog/post/mysql-bulk-data-import-using-net-connector-mysqlbulkloader-class#comment</comments>
      <guid>https://theonetechnologies.com/blog/post.aspx?id=17ee72a5-19dd-4160-a46f-b417d76f8cd2</guid>
      <pubDate>Fri, 27 Apr 2012 02:26:00 +0000</pubDate>
      <category>MySQL</category>
      <betag:tag>MySQL</betag:tag>
      <betag:tag>TSQL</betag:tag>
      <betag:tag>.Net 2.0</betag:tag>
      <betag:tag>asp.net</betag:tag>
      <dc:publisher>Admin</dc:publisher>
      <pingback:server>https://theonetechnologies.com/blog/pingback.axd</pingback:server>
      <pingback:target>https://theonetechnologies.com/blog/post.aspx?id=17ee72a5-19dd-4160-a46f-b417d76f8cd2</pingback:target>
      <slash:comments>1</slash:comments>
      <trackback:ping>https://theonetechnologies.com/blog/trackback.axd?id=17ee72a5-19dd-4160-a46f-b417d76f8cd2</trackback:ping>
      <wfw:comment>https://theonetechnologies.com/blog/post/mysql-bulk-data-import-using-net-connector-mysqlbulkloader-class#comment</wfw:comment>
      <wfw:commentRss>https://theonetechnologies.com/blog/syndication.axd?post=17ee72a5-19dd-4160-a46f-b417d76f8cd2</wfw:commentRss>
    </item>
  </channel>
</rss>