﻿<?xml version="1.0" encoding="utf-8"?>
<rss version="2.0" xmlns:blogChannel="http://backend.userland.com/blogChannelModule" xmlns:dc="http://purl.org/dc/elements/1.1/" xmlns:pingback="http://madskills.com/public/xml/rss/module/pingback/" xmlns:trackback="http://madskills.com/public/xml/rss/module/trackback/" xmlns:wfw="http://wellformedweb.org/CommentAPI/" xmlns:slash="http://purl.org/rss/1.0/modules/slash/" xmlns:geo="http://www.w3.org/2003/01/geo/wgs84_pos#" xmlns:betag="http://dotnetblogengine.net/schemas/tags">
  <channel>
    <title>The One Technologies - Facebook</title>
    <description>ASP.NET, IIS, Web Development Outsourcing</description>
    <link>https://theonetechnologies.com/blog/</link>
    <docs>http://www.rssboard.org/rss-specification</docs>
    <generator>BlogEngine.NET 3.3.0.1</generator>
    <language>en-US</language>
    <blogChannel:blogRoll>https://theonetechnologies.com/blog/opml.axd</blogChannel:blogRoll>
    <dc:creator>The One Technologies</dc:creator>
    <dc:title>The One Technologies</dc:title>
    <geo:lat>0.000000</geo:lat>
    <geo:long>0.000000</geo:long>
    <item>
      <title>Outsourcing</title>
      <description>&lt;p class="MsoNormal" style="text-align: justify;"&gt;Outsourcing can be consider as not just&amp;nbsp; idea but now a days it&amp;rsquo;s a concept for rapid growth. The term of outsourcing has been discovered years ago, but it came in lime light just a decade ago.&lt;/p&gt;
&lt;p class="MsoNormal" style="text-align: justify;"&gt;Outsourcing generally means taking the help from the third person and appraising him by providing the monitorial funds for the same activity. This activity can be considered as the contract that cab be initiated and can be terminated as per the needs.&lt;/p&gt;
&lt;p class="MsoNormal" style="text-align: justify;"&gt;The concept of outsourcing can be implemented when the firm wants to expand its business aspects as well as to get the better options for the business requirements. Now a day the outsourcing is implemented just to complete the requirements at a competitive cost with best expert skills.&lt;/p&gt;
&lt;p class="MsoNormal" style="text-align: justify;"&gt;The outsourcing can reduce the currents costs as well as it can help the company to expand its idea at a great level. The concept of virtual staffing, increase in efficiency, reduce in turnaround time leads the company to achieve the high level of profit earning.&lt;/p&gt;
&lt;p class="MsoNormal" style="text-align: justify;"&gt;Like many other business, there should be a proper planning and research for choosing the best outsourcing partner. Using the outsourcing, the business can concentrate on its core activities and can achieve the desired goal in the same. So to concept of the off-focusing towards the main goal does not rise.&lt;/p&gt;
&lt;p class="MsoNormal" style="text-align: justify;"&gt;&lt;span style="font-family: Wingdings; mso-fareast-font-family: Wingdings; mso-bidi-font-family: Wingdings;"&gt;&lt;span style="font-stretch: normal; font-size: 7pt; line-height: normal; font-family: 'Times New Roman';"&gt;&amp;nbsp;&lt;/span&gt;&lt;/span&gt;&lt;!--[endif]--&gt;&lt;strong&gt;&lt;u&gt;The main benefits of having the outsourcing partner are given below:&lt;/u&gt;&lt;/strong&gt;&lt;/p&gt;
&lt;p class="MsoListParagraphCxSpLast" style="text-align: justify; text-indent: -.25in; mso-list: l1 level1 lfo2;"&gt;&lt;!-- [if !supportLists]--&gt;&lt;span style="font-family: Symbol; mso-fareast-font-family: Symbol; mso-bidi-font-family: Symbol;"&gt;&amp;middot;&lt;span style="font-stretch: normal; font-size: 7pt; line-height: normal; font-family: 'Times New Roman';"&gt;&amp;nbsp;&amp;nbsp;&amp;nbsp;&amp;nbsp;&amp;nbsp;&amp;nbsp;&amp;nbsp;&amp;nbsp; &lt;/span&gt;&lt;/span&gt;&lt;!--[endif]--&gt;&lt;strong&gt;Explore the world of the expertise:&lt;/strong&gt;&lt;/p&gt;
&lt;p class="MsoNormal" style="text-align: justify;"&gt;This can be considered as the main reason of choosing the outsourcing. The business can get the best of the skills from the market without wasting the time in training. While the process of the recruitment can be considered as tedious and time consuming. Outsourcing can help the business to focus on its core functions. Assigning the work to a expert that have best skills for the assigned task can help the business to achieve the desired goals.&lt;/p&gt;
&lt;p class="MsoListParagraph" style="text-align: justify; text-indent: -.25in; mso-list: l1 level1 lfo2;"&gt;&lt;!-- [if !supportLists]--&gt;&lt;span style="font-family: Symbol; mso-fareast-font-family: Symbol; mso-bidi-font-family: Symbol;"&gt;&amp;middot;&lt;span style="font-stretch: normal; font-size: 7pt; line-height: normal; font-family: 'Times New Roman';"&gt;&amp;nbsp;&amp;nbsp;&amp;nbsp;&amp;nbsp;&amp;nbsp;&amp;nbsp;&amp;nbsp;&amp;nbsp; &lt;/span&gt;&lt;/span&gt;&lt;!--[endif]--&gt;&lt;strong&gt;Focus on what you are expert:&lt;/strong&gt;&lt;/p&gt;
&lt;p class="MsoNormal" style="text-align: justify;"&gt;Basically the concept of outsourcing means assigning the work to the third party. That helps the business unit to concentrate on its main core activities. While the third party was concentrating on its assigned tasks. The work load in the business environment also reduces with the help of the outsourcing.&lt;/p&gt;
&lt;p class="MsoListParagraph" style="text-align: justify; text-indent: -.25in; mso-list: l1 level1 lfo2;"&gt;&lt;!-- [if !supportLists]--&gt;&lt;span style="font-family: Symbol; mso-fareast-font-family: Symbol; mso-bidi-font-family: Symbol;"&gt;&amp;middot;&lt;span style="font-stretch: normal; font-size: 7pt; line-height: normal; font-family: 'Times New Roman';"&gt;&amp;nbsp;&amp;nbsp;&amp;nbsp;&amp;nbsp;&amp;nbsp;&amp;nbsp;&amp;nbsp;&amp;nbsp; &lt;/span&gt;&lt;/span&gt;&lt;!--[endif]--&gt;&lt;strong&gt;Lesser the risks:&lt;/strong&gt;&lt;/p&gt;
&lt;p class="MsoNormal" style="text-align: justify;"&gt;Well it is said that if you don&amp;rsquo;t know, better not to do. So here the concept of the outsourcing arise and can help the business to achieve the desired requirements. With the skilled virtual employees you can lessens the risks and can grow the business on its core functions.&lt;/p&gt;
&lt;p class="MsoListParagraph" style="text-align: justify; text-indent: -.25in; mso-list: l1 level1 lfo2;"&gt;&lt;!-- [if !supportLists]--&gt;&lt;span style="font-family: Symbol; mso-fareast-font-family: Symbol; mso-bidi-font-family: Symbol;"&gt;&amp;middot;&lt;span style="font-stretch: normal; font-size: 7pt; line-height: normal; font-family: 'Times New Roman';"&gt;&amp;nbsp;&amp;nbsp;&amp;nbsp;&amp;nbsp;&amp;nbsp;&amp;nbsp;&amp;nbsp;&amp;nbsp; &lt;/span&gt;&lt;/span&gt;&lt;!--[endif]--&gt;&lt;strong&gt;Efficient in the core functions:&lt;/strong&gt;&lt;/p&gt;
&lt;p class="MsoNormal" style="text-align: justify;"&gt;As the works is allotted to the outsourcing partner, this helps the internal staff to gain efficiency in the main core concepts. The more time they perform the core tasks they increase their efficiency in the core activities.&lt;/p&gt;
&lt;p class="MsoNormal" style="text-align: justify;"&gt;&lt;strong&gt;Get your business round the clock:&lt;/strong&gt;&lt;/p&gt;
&lt;p class="MsoNormal" style="text-align: justify;"&gt;The concept of different time zone helps a lot to work round the clock. The outsourcing countries like India are in different time zone that gives the company to work even during night. Now that turns the company to work all round the clock.&lt;/p&gt;
&lt;p class="MsoListParagraph" style="text-align: justify; text-indent: -.25in; mso-list: l1 level1 lfo2;"&gt;&lt;!-- [if !supportLists]--&gt;&lt;span style="font-family: Symbol; mso-fareast-font-family: Symbol; mso-bidi-font-family: Symbol;"&gt;&amp;middot;&lt;span style="font-stretch: normal; font-size: 7pt; line-height: normal; font-family: 'Times New Roman';"&gt;&amp;nbsp;&amp;nbsp;&amp;nbsp;&amp;nbsp;&amp;nbsp;&amp;nbsp;&amp;nbsp;&amp;nbsp; &lt;/span&gt;&lt;/span&gt;&lt;!--[endif]--&gt;&lt;strong&gt;Flexible staff:&lt;/strong&gt;&lt;/p&gt;
&lt;p class="MsoNormal" style="text-align: justify;"&gt;Outsourcing considers the independent task allocations, allows the business to maintain the financial flexibility when the task is uncertain in demand. The company can scale up or down according to the demand.&lt;/p&gt;
&lt;p class="MsoListParagraph" style="text-align: justify; text-indent: -.25in; mso-list: l1 level1 lfo2;"&gt;&lt;!-- [if !supportLists]--&gt;&lt;span style="font-family: Symbol; mso-fareast-font-family: Symbol; mso-bidi-font-family: Symbol;"&gt;&amp;middot;&lt;span style="font-stretch: normal; font-size: 7pt; line-height: normal; font-family: 'Times New Roman';"&gt;&amp;nbsp;&amp;nbsp;&amp;nbsp;&amp;nbsp;&amp;nbsp;&amp;nbsp;&amp;nbsp;&amp;nbsp; &lt;/span&gt;&lt;/span&gt;&lt;!--[endif]--&gt;&lt;strong&gt;Improve the service quality:&lt;/strong&gt;&lt;/p&gt;
&lt;p class="MsoNormal" style="text-align: justify;"&gt;With the best outsourcing partner, their skills and unmatched quality the company can get the better level of services. The better quality of service leads to the customer satisfaction. The customer satisfaction is main to expand the business terms.&lt;/p&gt;
&lt;p class="MsoListParagraph" style="text-align: justify; text-indent: -.25in; mso-list: l1 level1 lfo2;"&gt;&lt;!-- [if !supportLists]--&gt;&lt;span style="font-family: Symbol; mso-fareast-font-family: Symbol; mso-bidi-font-family: Symbol;"&gt;&amp;middot;&lt;span style="font-stretch: normal; font-size: 7pt; line-height: normal; font-family: 'Times New Roman';"&gt;&amp;nbsp;&amp;nbsp;&amp;nbsp;&amp;nbsp;&amp;nbsp;&amp;nbsp;&amp;nbsp;&amp;nbsp; &lt;/span&gt;&lt;/span&gt;&lt;!--[endif]--&gt;&lt;strong&gt;Time and money savings:&lt;/strong&gt;&lt;/p&gt;
&lt;p class="MsoNormal" style="text-align: justify;"&gt;With the help of the outsourcing partner, you can concentrate on your core functions that help the business to save the time on other supporting functions. The company can save a lot in the financial terms as the cost for the outsourcing is much lesser than expectations. As we know that when time and money are saved, the chances of business expansion increases.&lt;/p&gt;
&lt;p class="MsoListParagraph" style="text-align: justify; text-indent: -.25in; mso-list: l1 level1 lfo2;"&gt;&lt;!-- [if !supportLists]--&gt;&lt;span style="font-family: Symbol; mso-fareast-font-family: Symbol; mso-bidi-font-family: Symbol;"&gt;&amp;middot;&lt;span style="font-stretch: normal; font-size: 7pt; line-height: normal; font-family: 'Times New Roman';"&gt;&amp;nbsp;&amp;nbsp;&amp;nbsp;&amp;nbsp;&amp;nbsp;&amp;nbsp;&amp;nbsp;&amp;nbsp; &lt;/span&gt;&lt;/span&gt;&lt;!--[endif]--&gt;&lt;strong&gt;Compete with the real competitors:&lt;/strong&gt;&lt;/p&gt;
&lt;p class="MsoNormal" style="text-align: justify;"&gt;The main benefit of implementing the outsourcing is that the company can compete to the rival company with the best options. The perfect strategy can help a lot a business to grow in this competitive market.&lt;/p&gt;
&lt;p class="MsoListParagraph" style="text-align: justify; text-indent: -.25in; mso-list: l1 level1 lfo2;"&gt;&lt;!-- [if !supportLists]--&gt;&lt;span style="font-family: Symbol; mso-fareast-font-family: Symbol; mso-bidi-font-family: Symbol;"&gt;&amp;middot;&lt;span style="font-stretch: normal; font-size: 7pt; line-height: normal; font-family: 'Times New Roman';"&gt;&amp;nbsp;&amp;nbsp;&amp;nbsp;&amp;nbsp;&amp;nbsp;&amp;nbsp;&amp;nbsp;&amp;nbsp; &lt;/span&gt;&lt;/span&gt;&lt;!--[endif]--&gt;&lt;strong&gt;Overall business growth:&lt;/strong&gt;&lt;/p&gt;
&lt;p class="MsoNormal" style="text-align: justify;"&gt;As the business have adapted the concept of outsourcing, it can be seen that there is increase in the productivity, customer satisfaction, level in the quality, business standards and the profit.&lt;/p&gt;</description>
      <link>https://theonetechnologies.com/blog/post/outsourcing-to-india</link>
      <author>info@theonetechnologies.com</author>
      <comments>https://theonetechnologies.com/blog/post/outsourcing-to-india#comment</comments>
      <guid>https://theonetechnologies.com/blog/post.aspx?id=fa8fd751-3d32-44f8-b0bf-a5e8ff0cfef5</guid>
      <pubDate>Tue, 7 Jul 2015 06:37:00 +0000</pubDate>
      <category>ASP.NET</category>
      <category>Facebook</category>
      <category>Google API</category>
      <category>IIS</category>
      <category>LinkedIn API</category>
      <category>MySQL</category>
      <category>Small Business</category>
      <category>Software Outsourcing</category>
      <category>SQL Server</category>
      <category>uCommerce</category>
      <category>Umbraco</category>
      <category>Visual Studio</category>
      <category>Web Design</category>
      <dc:publisher>Admin</dc:publisher>
      <pingback:server>https://theonetechnologies.com/blog/pingback.axd</pingback:server>
      <pingback:target>https://theonetechnologies.com/blog/post.aspx?id=fa8fd751-3d32-44f8-b0bf-a5e8ff0cfef5</pingback:target>
      <slash:comments>0</slash:comments>
      <trackback:ping>https://theonetechnologies.com/blog/trackback.axd?id=fa8fd751-3d32-44f8-b0bf-a5e8ff0cfef5</trackback:ping>
      <wfw:comment>https://theonetechnologies.com/blog/post/outsourcing-to-india#comment</wfw:comment>
      <wfw:commentRss>https://theonetechnologies.com/blog/syndication.axd?post=fa8fd751-3d32-44f8-b0bf-a5e8ff0cfef5</wfw:commentRss>
    </item>
    <item>
      <title>ASP.NET - login with facebook and graph API</title>
      <description>&lt;p&gt;Social Media is growing by leaps and bounds now days. That is why more and more websites are trying to take advantage of this social buzz by integrating them in one way or other. Facebook has turned out to be the holders of user information that can be used to be the secure gateway/login into your web applications. The advantage to users is they don't need separate login for your site and one of the social media site like Facebook. Benefit for your website is the large user base of facebook. Your website can easily convey a good referral message to user's connection once the user has registered to your website using facebook authentication.&lt;/p&gt;
&lt;p&gt;In this article, we will look at a simple web application, that can help you visualize the addition of Login By facebook functionality to your asp.net web application.&lt;/p&gt;
&lt;h2&gt;Facebook Application ID&lt;/h2&gt;
&lt;p&gt;It is mandatory to create a Facebook application on their developer portal and get the ApplicationId from there, which we can use in our code to authenticate user against facebook graph API.&lt;/p&gt;
&lt;p&gt;We will be using Facebook Graph JSON responses in our code, so in order to deserialize the JSON string we need to create few class as follow:&lt;/p&gt;
&lt;p&gt;&amp;nbsp;&lt;/p&gt;
&lt;pre class="brush: c-sharp;"&gt;public class FacebookUser
{
    public long id
    { get; set; }

    public string email
    { get; set; }

    public string name
    { get; set; }

    public string first_name
    { get; set; }

    public string last_name
    { get; set; }

    public string gender
    { get; set; }

    public string link
    { get; set; }

    public DateTime updated_time
    { get; set; }

    public DateTime birthday
    { get; set; }

    public string locale
    { get; set; }

    public string picture
    { get; set; }

    public FacebookLocation location
    { get; set; }
}

public class FacebookLocation
{
    public string id
    { get; set; }

    public string name
    { get; set; }
}&lt;/pre&gt;
&lt;p&gt;&amp;nbsp;&lt;/p&gt;
&lt;p&gt;When user authenticate against Facebook, facebook will send Access Token, which we can use on behalf of user to make further requests to Facebook. We need to pages here:&lt;/p&gt;
&lt;ol&gt;
&lt;li&gt;Front end page with Login link, which allows user to open Facebook Login dialog&lt;/li&gt;
&lt;li&gt;A callback page to which we redirect autheticated user to get additional information about user from Facebook.&lt;/li&gt;
&lt;/ol&gt;
&lt;h2&gt;Here is code for default.aspx page:&lt;/h2&gt;
&lt;p&gt;&amp;nbsp;&lt;/p&gt;
&lt;pre class="brush: xml;"&gt;&amp;lt;body&amp;gt;
    &amp;lt;div id="fb-root"&amp;gt;&amp;lt;/div&amp;gt;   
    &amp;lt;a href="#" onclick="loginByFacebook();"&amp;gt;Login with Facebook&amp;lt;/a&amp;gt;

    &amp;lt;%-- now this is some required facebook's JS, two things to pay attention to
	1. setting the ApplicationID, To make this project work you have to edit "callback.aspx.cs" and put your facebook-app-key there
    2. Adjust the permissions you want to get from user, set that in scope options below. --%&amp;gt;
    &amp;lt;script type="text/javascript"&amp;gt;
        window.fbAsyncInit = function () {
            FB.init({ appId: '&amp;lt;%= FacebookLogin.callback.FaceBookAppKey %&amp;gt;',
                status: true, // check login status
                cookie: true, // enable cookies to allow the server to access the session
                xfbml: true, // parse XFBML
                oauth: true // enable OAuth 2.0
            });
        };
        (function () {
            var e = document.createElement('script'); e.async = true;
            e.src = document.location.protocol +
			'//connect.facebook.net/en_US/all.js';
            document.getElementById('fb-root').appendChild(e);
        } ());

        function loginByFacebook() {
            FB.login(function (response) {
                if (response.authResponse) {
                    FacebookLoggedIn(response);
                } else {
                    console.log('User cancelled login or did not fully authorize.');
                }
            }, { scope: 'user_birthday,user_about_me,user_hometown,user_location,email,publish_stream' });
        }

        function FacebookLoggedIn(response) {
            var loc = '/callback.aspx';
            if (loc.indexOf('?') &amp;gt; -1)
                window.location = loc + '&amp;amp;authprv=facebook&amp;amp;access_token=' + response.authResponse.accessToken;
            else
                window.location = loc + '?authprv=facebook&amp;amp;access_token=' + response.authResponse.accessToken;
        }
    &amp;lt;/script&amp;gt;
&amp;lt;/body&amp;gt;&lt;/pre&gt;
&lt;p&gt;&amp;nbsp;&lt;/p&gt;
&lt;h2&gt;Code for callback.aspx&lt;/h2&gt;
&lt;p&gt;Here we are fetching user's additional details to display it (alternatively you can store it in your database). Please note the ApplicationID field here, which you need to replace with your own application Id.&lt;/p&gt;
&lt;p&gt;&amp;nbsp;&lt;/p&gt;
&lt;pre class="brush: c-sharp;"&gt;public partial class callback : System.Web.UI.Page
{
	//TODO: paste your facebook-app key here!!
    public const string FaceBookAppKey = "XXXXXXXXXXXXX";

	protected void Page_Load(object sender, EventArgs e)
	{
        if (string.IsNullOrEmpty(Request.QueryString["access_token"])) return; //ERROR! No token returned from Facebook!!

		//let's send an http-request to facebook using the token			
        string json = GetFacebookUserJSON(Request.QueryString["access_token"]);

        //and Deserialize the JSON response
        JavaScriptSerializer js = new JavaScriptSerializer();
        FacebookUser oUser = js.Deserialize&amp;lt;FacebookUser&amp;gt;(json);

        if (oUser != null)
        {
            Response.Write("Welcome, " + oUser.name);
            Response.Write("&amp;lt;br /&amp;gt;id, " + oUser.id);
            Response.Write("&amp;lt;br /&amp;gt;email, " + oUser.email);
            Response.Write("&amp;lt;br /&amp;gt;first_name, " + oUser.first_name);
            Response.Write("&amp;lt;br /&amp;gt;last_name, " + oUser.last_name);
            Response.Write("&amp;lt;br /&amp;gt;gender, " + oUser.gender);
            Response.Write("&amp;lt;br /&amp;gt;link, " + oUser.link);
            Response.Write("&amp;lt;br /&amp;gt;updated_time, " + oUser.updated_time);
            Response.Write("&amp;lt;br /&amp;gt;birthday, " + oUser.birthday);
            Response.Write("&amp;lt;br /&amp;gt;locale, " + oUser.locale);
            Response.Write("&amp;lt;br /&amp;gt;picture, " + oUser.picture);
            if (oUser.location != null)
            {
                Response.Write("&amp;lt;br /&amp;gt;locationid, " + oUser.location.id);
                Response.Write("&amp;lt;br /&amp;gt;location_name, " + oUser.location.name);
            }
        }
	}

	/// &amp;lt;summary&amp;gt;
	/// sends http-request to Facebook and returns the response string
	/// &amp;lt;/summary&amp;gt;
	private static string GetFacebookUserJSON(string access_token)
	{
		string url = string.Format("https://graph.facebook.com/me?access_token={0}&amp;amp;fields=email,name,first_name,last_name,link", access_token);

		WebClient wc = new WebClient();
		Stream data = wc.OpenRead(url);
		StreamReader reader = new StreamReader(data);
		string s = reader.ReadToEnd();
		data.Close();
		reader.Close();

		return s;
	}
}&lt;/pre&gt;
&lt;p&gt;&amp;nbsp;&lt;/p&gt;
&lt;p&gt;You can take a look at the &lt;a href="https://theonetechnologies.com/social-media-api-demo/Facebook-Login.aspx"&gt;Demo - SignIn with FaceBook in ASP.NET&lt;/a&gt;.&lt;/p&gt;</description>
      <link>https://theonetechnologies.com/blog/post/aspnet-login-with-facebook-and-graph-api</link>
      <author>info@theonetechnologies.com</author>
      <comments>https://theonetechnologies.com/blog/post/aspnet-login-with-facebook-and-graph-api#comment</comments>
      <guid>https://theonetechnologies.com/blog/post.aspx?id=57e27ee4-8d9c-4188-9f14-e2a776a93ba9</guid>
      <pubDate>Mon, 21 May 2012 22:10:00 +0000</pubDate>
      <category>Facebook</category>
      <betag:tag>Facebook</betag:tag>
      <betag:tag>asp.net</betag:tag>
      <betag:tag>.Net 2.0</betag:tag>
      <betag:tag>javascript</betag:tag>
      <dc:publisher>Admin</dc:publisher>
      <pingback:server>https://theonetechnologies.com/blog/pingback.axd</pingback:server>
      <pingback:target>https://theonetechnologies.com/blog/post.aspx?id=57e27ee4-8d9c-4188-9f14-e2a776a93ba9</pingback:target>
      <slash:comments>16</slash:comments>
      <trackback:ping>https://theonetechnologies.com/blog/trackback.axd?id=57e27ee4-8d9c-4188-9f14-e2a776a93ba9</trackback:ping>
      <wfw:comment>https://theonetechnologies.com/blog/post/aspnet-login-with-facebook-and-graph-api#comment</wfw:comment>
      <wfw:commentRss>https://theonetechnologies.com/blog/syndication.axd?post=57e27ee4-8d9c-4188-9f14-e2a776a93ba9</wfw:commentRss>
    </item>
  </channel>
</rss>