﻿<?xml version="1.0" encoding="utf-8"?>
<rss version="2.0" xmlns:blogChannel="http://backend.userland.com/blogChannelModule" xmlns:dc="http://purl.org/dc/elements/1.1/" xmlns:pingback="http://madskills.com/public/xml/rss/module/pingback/" xmlns:trackback="http://madskills.com/public/xml/rss/module/trackback/" xmlns:wfw="http://wellformedweb.org/CommentAPI/" xmlns:slash="http://purl.org/rss/1.0/modules/slash/" xmlns:geo="http://www.w3.org/2003/01/geo/wgs84_pos#" xmlns:betag="http://dotnetblogengine.net/schemas/tags">
  <channel>
    <title>The One Technologies - PHP</title>
    <description>ASP.NET, IIS, Web Development Outsourcing</description>
    <link>https://theonetechnologies.com/blog/</link>
    <docs>http://www.rssboard.org/rss-specification</docs>
    <generator>BlogEngine.NET 3.3.0.1</generator>
    <language>en-US</language>
    <blogChannel:blogRoll>https://theonetechnologies.com/blog/opml.axd</blogChannel:blogRoll>
    <dc:creator>The One Technologies</dc:creator>
    <dc:title>The One Technologies</dc:title>
    <geo:lat>0.000000</geo:lat>
    <geo:long>0.000000</geo:long>
    <item>
      <title>PHP development India by The One Technologies</title>
      <description>&lt;p&gt;PHP language is considered one of the most popular &amp;amp; most widely accepted open source web development technology. PHP is adopted among web developers because it is easy to read and understand. PHP development is gaining ground in the technology market. PHP Web development is considered to offer the most efficient solution when in combination with LINUX, MySQL and Apache. This combination is better known as the LAMP technologies.&lt;/p&gt;
&lt;p&gt;Few of various benefits of PHP development technologies are :&lt;/p&gt;
&lt;ul&gt;
&lt;li&gt;Freely available - PHP is open source and is developed and updated by a community of developers from around the globe. Therefore, all its components are free to use and distribute. No hassles of license purchase or acquisition.&lt;/li&gt;
&lt;li&gt;Platform Independent - It can be run on all major operating systems like Linux, UNIX, Mac OS and Windows. Cost Effective Hosting and Free upgrades.&lt;/li&gt;
&lt;li&gt;Supports All Major Web Servers - Cost Effective Hosting and Free upgrades&lt;/li&gt;
&lt;li&gt;Highly Secure and Reliable - It has multiple layers of security to prevent threats and malicious attacks.&lt;/li&gt;
&lt;li&gt;Faster Developments - It uses its own memory space and thus decreases the loading time and workload from the server. The processing speed is fast and web applications like Ecommerce, CRM, CMS and Forums are also developed faster by it.&lt;/li&gt;
&lt;/ul&gt;
&lt;p&gt;With PHP becoming a huge open market, the language will only continue to grow and develop. Because of its ease of use, high compatibility, wide accessibility, and cost efficiency, it&amp;rsquo;s no wonder PHP is the most popular server-side scripting language.&lt;/p&gt;</description>
      <link>https://theonetechnologies.com/blog/post/PHP-development-India-by-The-One-Technologies</link>
      <author>info@theonetechnologies.com</author>
      <comments>https://theonetechnologies.com/blog/post/PHP-development-India-by-The-One-Technologies#comment</comments>
      <guid>https://theonetechnologies.com/blog/post.aspx?id=d6c71105-5f2d-4da4-8e55-c0c71202cd51</guid>
      <pubDate>Sat, 12 Sep 2015 04:39:00 +0000</pubDate>
      <category>MySQL</category>
      <category>Open Source</category>
      <category>PHP</category>
      <category>Small Business</category>
      <category>Software Outsourcing</category>
      <category>Web Design</category>
      <dc:publisher>Admin</dc:publisher>
      <pingback:server>https://theonetechnologies.com/blog/pingback.axd</pingback:server>
      <pingback:target>https://theonetechnologies.com/blog/post.aspx?id=d6c71105-5f2d-4da4-8e55-c0c71202cd51</pingback:target>
      <slash:comments>0</slash:comments>
      <trackback:ping>https://theonetechnologies.com/blog/trackback.axd?id=d6c71105-5f2d-4da4-8e55-c0c71202cd51</trackback:ping>
      <wfw:comment>https://theonetechnologies.com/blog/post/PHP-development-India-by-The-One-Technologies#comment</wfw:comment>
      <wfw:commentRss>https://theonetechnologies.com/blog/syndication.axd?post=d6c71105-5f2d-4da4-8e55-c0c71202cd51</wfw:commentRss>
    </item>
  </channel>
</rss>