﻿<?xml version="1.0" encoding="utf-8"?>
<rss version="2.0" xmlns:blogChannel="http://backend.userland.com/blogChannelModule" xmlns:dc="http://purl.org/dc/elements/1.1/" xmlns:pingback="http://madskills.com/public/xml/rss/module/pingback/" xmlns:trackback="http://madskills.com/public/xml/rss/module/trackback/" xmlns:wfw="http://wellformedweb.org/CommentAPI/" xmlns:slash="http://purl.org/rss/1.0/modules/slash/" xmlns:geo="http://www.w3.org/2003/01/geo/wgs84_pos#" xmlns:betag="http://dotnetblogengine.net/schemas/tags">
  <channel>
    <title>The One Technologies - SQL Server</title>
    <description>ASP.NET, IIS, Web Development Outsourcing</description>
    <link>https://theonetechnologies.com/blog/</link>
    <docs>http://www.rssboard.org/rss-specification</docs>
    <generator>BlogEngine.NET 3.3.0.1</generator>
    <language>en-US</language>
    <blogChannel:blogRoll>https://theonetechnologies.com/blog/opml.axd</blogChannel:blogRoll>
    <dc:creator>The One Technologies</dc:creator>
    <dc:title>The One Technologies</dc:title>
    <geo:lat>0.000000</geo:lat>
    <geo:long>0.000000</geo:long>
    <item>
      <title>Outsourcing</title>
      <description>&lt;p class="MsoNormal" style="text-align: justify;"&gt;Outsourcing can be consider as not just&amp;nbsp; idea but now a days it&amp;rsquo;s a concept for rapid growth. The term of outsourcing has been discovered years ago, but it came in lime light just a decade ago.&lt;/p&gt;
&lt;p class="MsoNormal" style="text-align: justify;"&gt;Outsourcing generally means taking the help from the third person and appraising him by providing the monitorial funds for the same activity. This activity can be considered as the contract that cab be initiated and can be terminated as per the needs.&lt;/p&gt;
&lt;p class="MsoNormal" style="text-align: justify;"&gt;The concept of outsourcing can be implemented when the firm wants to expand its business aspects as well as to get the better options for the business requirements. Now a day the outsourcing is implemented just to complete the requirements at a competitive cost with best expert skills.&lt;/p&gt;
&lt;p class="MsoNormal" style="text-align: justify;"&gt;The outsourcing can reduce the currents costs as well as it can help the company to expand its idea at a great level. The concept of virtual staffing, increase in efficiency, reduce in turnaround time leads the company to achieve the high level of profit earning.&lt;/p&gt;
&lt;p class="MsoNormal" style="text-align: justify;"&gt;Like many other business, there should be a proper planning and research for choosing the best outsourcing partner. Using the outsourcing, the business can concentrate on its core activities and can achieve the desired goal in the same. So to concept of the off-focusing towards the main goal does not rise.&lt;/p&gt;
&lt;p class="MsoNormal" style="text-align: justify;"&gt;&lt;span style="font-family: Wingdings; mso-fareast-font-family: Wingdings; mso-bidi-font-family: Wingdings;"&gt;&lt;span style="font-stretch: normal; font-size: 7pt; line-height: normal; font-family: 'Times New Roman';"&gt;&amp;nbsp;&lt;/span&gt;&lt;/span&gt;&lt;!--[endif]--&gt;&lt;strong&gt;&lt;u&gt;The main benefits of having the outsourcing partner are given below:&lt;/u&gt;&lt;/strong&gt;&lt;/p&gt;
&lt;p class="MsoListParagraphCxSpLast" style="text-align: justify; text-indent: -.25in; mso-list: l1 level1 lfo2;"&gt;&lt;!-- [if !supportLists]--&gt;&lt;span style="font-family: Symbol; mso-fareast-font-family: Symbol; mso-bidi-font-family: Symbol;"&gt;&amp;middot;&lt;span style="font-stretch: normal; font-size: 7pt; line-height: normal; font-family: 'Times New Roman';"&gt;&amp;nbsp;&amp;nbsp;&amp;nbsp;&amp;nbsp;&amp;nbsp;&amp;nbsp;&amp;nbsp;&amp;nbsp; &lt;/span&gt;&lt;/span&gt;&lt;!--[endif]--&gt;&lt;strong&gt;Explore the world of the expertise:&lt;/strong&gt;&lt;/p&gt;
&lt;p class="MsoNormal" style="text-align: justify;"&gt;This can be considered as the main reason of choosing the outsourcing. The business can get the best of the skills from the market without wasting the time in training. While the process of the recruitment can be considered as tedious and time consuming. Outsourcing can help the business to focus on its core functions. Assigning the work to a expert that have best skills for the assigned task can help the business to achieve the desired goals.&lt;/p&gt;
&lt;p class="MsoListParagraph" style="text-align: justify; text-indent: -.25in; mso-list: l1 level1 lfo2;"&gt;&lt;!-- [if !supportLists]--&gt;&lt;span style="font-family: Symbol; mso-fareast-font-family: Symbol; mso-bidi-font-family: Symbol;"&gt;&amp;middot;&lt;span style="font-stretch: normal; font-size: 7pt; line-height: normal; font-family: 'Times New Roman';"&gt;&amp;nbsp;&amp;nbsp;&amp;nbsp;&amp;nbsp;&amp;nbsp;&amp;nbsp;&amp;nbsp;&amp;nbsp; &lt;/span&gt;&lt;/span&gt;&lt;!--[endif]--&gt;&lt;strong&gt;Focus on what you are expert:&lt;/strong&gt;&lt;/p&gt;
&lt;p class="MsoNormal" style="text-align: justify;"&gt;Basically the concept of outsourcing means assigning the work to the third party. That helps the business unit to concentrate on its main core activities. While the third party was concentrating on its assigned tasks. The work load in the business environment also reduces with the help of the outsourcing.&lt;/p&gt;
&lt;p class="MsoListParagraph" style="text-align: justify; text-indent: -.25in; mso-list: l1 level1 lfo2;"&gt;&lt;!-- [if !supportLists]--&gt;&lt;span style="font-family: Symbol; mso-fareast-font-family: Symbol; mso-bidi-font-family: Symbol;"&gt;&amp;middot;&lt;span style="font-stretch: normal; font-size: 7pt; line-height: normal; font-family: 'Times New Roman';"&gt;&amp;nbsp;&amp;nbsp;&amp;nbsp;&amp;nbsp;&amp;nbsp;&amp;nbsp;&amp;nbsp;&amp;nbsp; &lt;/span&gt;&lt;/span&gt;&lt;!--[endif]--&gt;&lt;strong&gt;Lesser the risks:&lt;/strong&gt;&lt;/p&gt;
&lt;p class="MsoNormal" style="text-align: justify;"&gt;Well it is said that if you don&amp;rsquo;t know, better not to do. So here the concept of the outsourcing arise and can help the business to achieve the desired requirements. With the skilled virtual employees you can lessens the risks and can grow the business on its core functions.&lt;/p&gt;
&lt;p class="MsoListParagraph" style="text-align: justify; text-indent: -.25in; mso-list: l1 level1 lfo2;"&gt;&lt;!-- [if !supportLists]--&gt;&lt;span style="font-family: Symbol; mso-fareast-font-family: Symbol; mso-bidi-font-family: Symbol;"&gt;&amp;middot;&lt;span style="font-stretch: normal; font-size: 7pt; line-height: normal; font-family: 'Times New Roman';"&gt;&amp;nbsp;&amp;nbsp;&amp;nbsp;&amp;nbsp;&amp;nbsp;&amp;nbsp;&amp;nbsp;&amp;nbsp; &lt;/span&gt;&lt;/span&gt;&lt;!--[endif]--&gt;&lt;strong&gt;Efficient in the core functions:&lt;/strong&gt;&lt;/p&gt;
&lt;p class="MsoNormal" style="text-align: justify;"&gt;As the works is allotted to the outsourcing partner, this helps the internal staff to gain efficiency in the main core concepts. The more time they perform the core tasks they increase their efficiency in the core activities.&lt;/p&gt;
&lt;p class="MsoNormal" style="text-align: justify;"&gt;&lt;strong&gt;Get your business round the clock:&lt;/strong&gt;&lt;/p&gt;
&lt;p class="MsoNormal" style="text-align: justify;"&gt;The concept of different time zone helps a lot to work round the clock. The outsourcing countries like India are in different time zone that gives the company to work even during night. Now that turns the company to work all round the clock.&lt;/p&gt;
&lt;p class="MsoListParagraph" style="text-align: justify; text-indent: -.25in; mso-list: l1 level1 lfo2;"&gt;&lt;!-- [if !supportLists]--&gt;&lt;span style="font-family: Symbol; mso-fareast-font-family: Symbol; mso-bidi-font-family: Symbol;"&gt;&amp;middot;&lt;span style="font-stretch: normal; font-size: 7pt; line-height: normal; font-family: 'Times New Roman';"&gt;&amp;nbsp;&amp;nbsp;&amp;nbsp;&amp;nbsp;&amp;nbsp;&amp;nbsp;&amp;nbsp;&amp;nbsp; &lt;/span&gt;&lt;/span&gt;&lt;!--[endif]--&gt;&lt;strong&gt;Flexible staff:&lt;/strong&gt;&lt;/p&gt;
&lt;p class="MsoNormal" style="text-align: justify;"&gt;Outsourcing considers the independent task allocations, allows the business to maintain the financial flexibility when the task is uncertain in demand. The company can scale up or down according to the demand.&lt;/p&gt;
&lt;p class="MsoListParagraph" style="text-align: justify; text-indent: -.25in; mso-list: l1 level1 lfo2;"&gt;&lt;!-- [if !supportLists]--&gt;&lt;span style="font-family: Symbol; mso-fareast-font-family: Symbol; mso-bidi-font-family: Symbol;"&gt;&amp;middot;&lt;span style="font-stretch: normal; font-size: 7pt; line-height: normal; font-family: 'Times New Roman';"&gt;&amp;nbsp;&amp;nbsp;&amp;nbsp;&amp;nbsp;&amp;nbsp;&amp;nbsp;&amp;nbsp;&amp;nbsp; &lt;/span&gt;&lt;/span&gt;&lt;!--[endif]--&gt;&lt;strong&gt;Improve the service quality:&lt;/strong&gt;&lt;/p&gt;
&lt;p class="MsoNormal" style="text-align: justify;"&gt;With the best outsourcing partner, their skills and unmatched quality the company can get the better level of services. The better quality of service leads to the customer satisfaction. The customer satisfaction is main to expand the business terms.&lt;/p&gt;
&lt;p class="MsoListParagraph" style="text-align: justify; text-indent: -.25in; mso-list: l1 level1 lfo2;"&gt;&lt;!-- [if !supportLists]--&gt;&lt;span style="font-family: Symbol; mso-fareast-font-family: Symbol; mso-bidi-font-family: Symbol;"&gt;&amp;middot;&lt;span style="font-stretch: normal; font-size: 7pt; line-height: normal; font-family: 'Times New Roman';"&gt;&amp;nbsp;&amp;nbsp;&amp;nbsp;&amp;nbsp;&amp;nbsp;&amp;nbsp;&amp;nbsp;&amp;nbsp; &lt;/span&gt;&lt;/span&gt;&lt;!--[endif]--&gt;&lt;strong&gt;Time and money savings:&lt;/strong&gt;&lt;/p&gt;
&lt;p class="MsoNormal" style="text-align: justify;"&gt;With the help of the outsourcing partner, you can concentrate on your core functions that help the business to save the time on other supporting functions. The company can save a lot in the financial terms as the cost for the outsourcing is much lesser than expectations. As we know that when time and money are saved, the chances of business expansion increases.&lt;/p&gt;
&lt;p class="MsoListParagraph" style="text-align: justify; text-indent: -.25in; mso-list: l1 level1 lfo2;"&gt;&lt;!-- [if !supportLists]--&gt;&lt;span style="font-family: Symbol; mso-fareast-font-family: Symbol; mso-bidi-font-family: Symbol;"&gt;&amp;middot;&lt;span style="font-stretch: normal; font-size: 7pt; line-height: normal; font-family: 'Times New Roman';"&gt;&amp;nbsp;&amp;nbsp;&amp;nbsp;&amp;nbsp;&amp;nbsp;&amp;nbsp;&amp;nbsp;&amp;nbsp; &lt;/span&gt;&lt;/span&gt;&lt;!--[endif]--&gt;&lt;strong&gt;Compete with the real competitors:&lt;/strong&gt;&lt;/p&gt;
&lt;p class="MsoNormal" style="text-align: justify;"&gt;The main benefit of implementing the outsourcing is that the company can compete to the rival company with the best options. The perfect strategy can help a lot a business to grow in this competitive market.&lt;/p&gt;
&lt;p class="MsoListParagraph" style="text-align: justify; text-indent: -.25in; mso-list: l1 level1 lfo2;"&gt;&lt;!-- [if !supportLists]--&gt;&lt;span style="font-family: Symbol; mso-fareast-font-family: Symbol; mso-bidi-font-family: Symbol;"&gt;&amp;middot;&lt;span style="font-stretch: normal; font-size: 7pt; line-height: normal; font-family: 'Times New Roman';"&gt;&amp;nbsp;&amp;nbsp;&amp;nbsp;&amp;nbsp;&amp;nbsp;&amp;nbsp;&amp;nbsp;&amp;nbsp; &lt;/span&gt;&lt;/span&gt;&lt;!--[endif]--&gt;&lt;strong&gt;Overall business growth:&lt;/strong&gt;&lt;/p&gt;
&lt;p class="MsoNormal" style="text-align: justify;"&gt;As the business have adapted the concept of outsourcing, it can be seen that there is increase in the productivity, customer satisfaction, level in the quality, business standards and the profit.&lt;/p&gt;</description>
      <link>https://theonetechnologies.com/blog/post/outsourcing-to-india</link>
      <author>info@theonetechnologies.com</author>
      <comments>https://theonetechnologies.com/blog/post/outsourcing-to-india#comment</comments>
      <guid>https://theonetechnologies.com/blog/post.aspx?id=fa8fd751-3d32-44f8-b0bf-a5e8ff0cfef5</guid>
      <pubDate>Tue, 7 Jul 2015 06:37:00 +0000</pubDate>
      <category>ASP.NET</category>
      <category>Facebook</category>
      <category>Google API</category>
      <category>IIS</category>
      <category>LinkedIn API</category>
      <category>MySQL</category>
      <category>Small Business</category>
      <category>Software Outsourcing</category>
      <category>SQL Server</category>
      <category>uCommerce</category>
      <category>Umbraco</category>
      <category>Visual Studio</category>
      <category>Web Design</category>
      <dc:publisher>Admin</dc:publisher>
      <pingback:server>https://theonetechnologies.com/blog/pingback.axd</pingback:server>
      <pingback:target>https://theonetechnologies.com/blog/post.aspx?id=fa8fd751-3d32-44f8-b0bf-a5e8ff0cfef5</pingback:target>
      <slash:comments>0</slash:comments>
      <trackback:ping>https://theonetechnologies.com/blog/trackback.axd?id=fa8fd751-3d32-44f8-b0bf-a5e8ff0cfef5</trackback:ping>
      <wfw:comment>https://theonetechnologies.com/blog/post/outsourcing-to-india#comment</wfw:comment>
      <wfw:commentRss>https://theonetechnologies.com/blog/syndication.axd?post=fa8fd751-3d32-44f8-b0bf-a5e8ff0cfef5</wfw:commentRss>
    </item>
    <item>
      <title>SQL Server - Bulk data import using .Net SqlBulkCopy Class</title>
      <description>&lt;p&gt;SqlBulkCopy Class in System.Data.SqlClient namespace lets you efficiently bulk load a SQL Server table with data from another source. Lets do it step by step:&lt;/p&gt;
&lt;h2&gt;1. Create table in database (skip this step if you can use existing table)&lt;/h2&gt;
&lt;pre class="brush: sql;"&gt;CREATE TABLE [dbo].[ProductOrder](
	[ProductOrderID] [int] IDENTITY(1,1) NOT NULL,
	[OrderID] [int] NULL,
	[Value] [int] NULL,
	[Length] [int] NULL,
	[Breadth] [int] NULL,
	[TotalVolume] [decimal](18, 2) NULL,
CONSTRAINT [PK_ProductOrder] PRIMARY KEY CLUSTERED
(
	[ProductOrderID] ASC
)WITH (PAD_INDEX  = OFF, STATISTICS_NORECOMPUTE  = OFF, IGNORE_DUP_KEY = OFF, ALLOW_ROW_LOCKS  = ON, ALLOW_PAGE_LOCKS  = ON) ON [PRIMARY]
) ON [PRIMARY]

GO&lt;/pre&gt;
&lt;p&gt;&amp;nbsp;&lt;/p&gt;
&lt;h2&gt;2. C#.net code&lt;/h2&gt;
&lt;p&gt;2.1 Read data in DataTable from any source(excel, csv etc..)&lt;br /&gt;2.2 Create instance of SqlBulkCopy class and map DataTable columns to Database table&lt;br /&gt;2.3 Use WriteToServer method of SqlBulkCopy class to load data into Database&lt;/p&gt;
&lt;pre class="brush: c-sharp;"&gt;private void DataImport()
{
    //Creates a datatable and add few dummy records
    DataTable orderDetail = new DataTable("ItemDetail");
    orderDetail.Columns.Add(new DataColumn("ID", Type.GetType("System.Int32")));
    orderDetail.Columns.Add(new DataColumn("value", Type.GetType("System.Int32")));
    orderDetail.Columns.Add(new DataColumn("length", Type.GetType("System.Int32")));
    orderDetail.Columns.Add(new DataColumn("breadth", Type.GetType("System.Int32")));
    orderDetail.Columns.Add(new DataColumn("total", Type.GetType("System.Decimal")));
    orderDetail.Columns["total"].Expression = "value/(length*breadth)";

    //Adding dummy entries
    DataRow dr = orderDetail.NewRow();
    dr["ID"] = 1;
    dr["value"] = 50;
    dr["length"] = 5;
    dr["breadth"] = 8;
    orderDetail.Rows.Add(dr);

    dr = orderDetail.NewRow();
    dr["ID"] = 2;
    dr["value"] = 60;
    dr["length"] = 15;
    dr["breadth"] = 18;
    orderDetail.Rows.Add(dr);
    //Adding dummy entries

    string connect = @"Data Source=.\sqlexpress;Persist Security Info=True;Initial Catalog=tempdb;User ID=username;Password=password;"; //your "ConnectionString" goes here

    using (SqlConnection cn = new SqlConnection(connect))
    using (SqlBulkCopy bcp = new SqlBulkCopy(cn))
    {
	cn.Open();
	//Column mapping..
	bcp.DestinationTableName = "ProductOrder";//Here 'ProductOrder' is database table name, Make sure have 'ProductOrder' into database
	bcp.ColumnMappings.Add("ID", "OrderID"); //Here 'ID' is a datatable column name and 'OrderID' is a sql table columname
	bcp.ColumnMappings.Add("value", "Value");//Here 'value' is a datatable column name and 'Value' is a sql table columname
	bcp.ColumnMappings.Add("length", "Length");//Here 'length' is a datatable column name and 'Length' is a sql table columname
	bcp.ColumnMappings.Add("breadth", "Breadth"); //Here 'breadth' is a datatable column name and 'Breadth' is a sql table columname
	bcp.ColumnMappings.Add("total", "TotalVolume"); //Here 'total' is a datatable column name and 'TotalVolume' is a sql table columname
	//Column mapping..
	bcp.WriteToServer(orderDetail);
    }
}&lt;/pre&gt;</description>
      <link>https://theonetechnologies.com/blog/post/sql-server-bulk-data-import-using-net-sqlbulkcopy-class</link>
      <author>info@theonetechnologies.com</author>
      <comments>https://theonetechnologies.com/blog/post/sql-server-bulk-data-import-using-net-sqlbulkcopy-class#comment</comments>
      <guid>https://theonetechnologies.com/blog/post.aspx?id=59259bc6-793f-46d4-a2ec-6569befc06da</guid>
      <pubDate>Mon, 23 Apr 2012 01:41:00 +0000</pubDate>
      <category>SQL Server</category>
      <betag:tag>.Net 2.0</betag:tag>
      <betag:tag>SQL server</betag:tag>
      <betag:tag>asp.net</betag:tag>
      <betag:tag>SQL</betag:tag>
      <dc:publisher>Admin</dc:publisher>
      <pingback:server>https://theonetechnologies.com/blog/pingback.axd</pingback:server>
      <pingback:target>https://theonetechnologies.com/blog/post.aspx?id=59259bc6-793f-46d4-a2ec-6569befc06da</pingback:target>
      <slash:comments>0</slash:comments>
      <trackback:ping>https://theonetechnologies.com/blog/trackback.axd?id=59259bc6-793f-46d4-a2ec-6569befc06da</trackback:ping>
      <wfw:comment>https://theonetechnologies.com/blog/post/sql-server-bulk-data-import-using-net-sqlbulkcopy-class#comment</wfw:comment>
      <wfw:commentRss>https://theonetechnologies.com/blog/syndication.axd?post=59259bc6-793f-46d4-a2ec-6569befc06da</wfw:commentRss>
    </item>
    <item>
      <title>SQL server: List out last modified procedures and functions</title>
      <description>&lt;p&gt;I use a small query to find out last modified stored procedures, functions, views and tables from Sql Server.&lt;/p&gt;
&lt;p&gt;&amp;nbsp;&lt;/p&gt;
&lt;pre class="brush: sql;"&gt;SELECT name, create_date, modify_date,type
FROM sys.objects
WHERE type IN ('FN','V','P','U','TF')
AND DATEDIFF(D,modify_date, GETDATE()) &amp;lt; 6
ORDER BY modify_date&lt;/pre&gt;
&lt;p&gt;&amp;nbsp;&lt;/p&gt;
&lt;p&gt;Here are different types used in IN clause in WHERE condition:&lt;/p&gt;
&lt;ul&gt;
&lt;li&gt;FN &amp;ndash; Scalar valued function&lt;/li&gt;
&lt;li&gt;V &amp;ndash; View&lt;/li&gt;
&lt;li&gt;P &amp;ndash; Stored Procedure&lt;/li&gt;
&lt;li&gt;U &amp;ndash; Table&lt;/li&gt;
&lt;li&gt;TF &amp;ndash; Table valued function&lt;/li&gt;
&lt;/ul&gt;
&lt;p&gt;AND DATEDIFF(D,modify_date, GETDATE()) &amp;lt; 6 &amp;ndash; It will show the objects modified in last 6 days&lt;/p&gt;</description>
      <link>https://theonetechnologies.com/blog/post/sql-server-list-out-last-modified-procedures-and-functions</link>
      <author>info@theonetechnologies.com</author>
      <comments>https://theonetechnologies.com/blog/post/sql-server-list-out-last-modified-procedures-and-functions#comment</comments>
      <guid>https://theonetechnologies.com/blog/post.aspx?id=aac43041-65bd-4fbd-85e3-a99edd152f7b</guid>
      <pubDate>Tue, 17 Apr 2012 05:32:00 +0000</pubDate>
      <category>SQL Server</category>
      <betag:tag>SQL server</betag:tag>
      <betag:tag>TSQL</betag:tag>
      <betag:tag>SQL</betag:tag>
      <dc:publisher>Admin</dc:publisher>
      <pingback:server>https://theonetechnologies.com/blog/pingback.axd</pingback:server>
      <pingback:target>https://theonetechnologies.com/blog/post.aspx?id=aac43041-65bd-4fbd-85e3-a99edd152f7b</pingback:target>
      <slash:comments>0</slash:comments>
      <trackback:ping>https://theonetechnologies.com/blog/trackback.axd?id=aac43041-65bd-4fbd-85e3-a99edd152f7b</trackback:ping>
      <wfw:comment>https://theonetechnologies.com/blog/post/sql-server-list-out-last-modified-procedures-and-functions#comment</wfw:comment>
      <wfw:commentRss>https://theonetechnologies.com/blog/syndication.axd?post=aac43041-65bd-4fbd-85e3-a99edd152f7b</wfw:commentRss>
    </item>
  </channel>
</rss>