﻿<?xml version="1.0" encoding="utf-8"?>
<rss version="2.0" xmlns:blogChannel="http://backend.userland.com/blogChannelModule" xmlns:dc="http://purl.org/dc/elements/1.1/" xmlns:pingback="http://madskills.com/public/xml/rss/module/pingback/" xmlns:trackback="http://madskills.com/public/xml/rss/module/trackback/" xmlns:wfw="http://wellformedweb.org/CommentAPI/" xmlns:slash="http://purl.org/rss/1.0/modules/slash/" xmlns:geo="http://www.w3.org/2003/01/geo/wgs84_pos#" xmlns:betag="http://dotnetblogengine.net/schemas/tags">
  <channel>
    <title>The One Technologies - Umbraco</title>
    <description>ASP.NET, IIS, Web Development Outsourcing</description>
    <link>https://theonetechnologies.com/blog/</link>
    <docs>http://www.rssboard.org/rss-specification</docs>
    <generator>BlogEngine.NET 3.3.0.1</generator>
    <language>en-US</language>
    <blogChannel:blogRoll>https://theonetechnologies.com/blog/opml.axd</blogChannel:blogRoll>
    <dc:creator>The One Technologies</dc:creator>
    <dc:title>The One Technologies</dc:title>
    <geo:lat>0.000000</geo:lat>
    <geo:long>0.000000</geo:long>
    <item>
      <title>Outsourcing</title>
      <description>&lt;p class="MsoNormal" style="text-align: justify;"&gt;Outsourcing can be consider as not just&amp;nbsp; idea but now a days it&amp;rsquo;s a concept for rapid growth. The term of outsourcing has been discovered years ago, but it came in lime light just a decade ago.&lt;/p&gt;
&lt;p class="MsoNormal" style="text-align: justify;"&gt;Outsourcing generally means taking the help from the third person and appraising him by providing the monitorial funds for the same activity. This activity can be considered as the contract that cab be initiated and can be terminated as per the needs.&lt;/p&gt;
&lt;p class="MsoNormal" style="text-align: justify;"&gt;The concept of outsourcing can be implemented when the firm wants to expand its business aspects as well as to get the better options for the business requirements. Now a day the outsourcing is implemented just to complete the requirements at a competitive cost with best expert skills.&lt;/p&gt;
&lt;p class="MsoNormal" style="text-align: justify;"&gt;The outsourcing can reduce the currents costs as well as it can help the company to expand its idea at a great level. The concept of virtual staffing, increase in efficiency, reduce in turnaround time leads the company to achieve the high level of profit earning.&lt;/p&gt;
&lt;p class="MsoNormal" style="text-align: justify;"&gt;Like many other business, there should be a proper planning and research for choosing the best outsourcing partner. Using the outsourcing, the business can concentrate on its core activities and can achieve the desired goal in the same. So to concept of the off-focusing towards the main goal does not rise.&lt;/p&gt;
&lt;p class="MsoNormal" style="text-align: justify;"&gt;&lt;span style="font-family: Wingdings; mso-fareast-font-family: Wingdings; mso-bidi-font-family: Wingdings;"&gt;&lt;span style="font-stretch: normal; font-size: 7pt; line-height: normal; font-family: 'Times New Roman';"&gt;&amp;nbsp;&lt;/span&gt;&lt;/span&gt;&lt;!--[endif]--&gt;&lt;strong&gt;&lt;u&gt;The main benefits of having the outsourcing partner are given below:&lt;/u&gt;&lt;/strong&gt;&lt;/p&gt;
&lt;p class="MsoListParagraphCxSpLast" style="text-align: justify; text-indent: -.25in; mso-list: l1 level1 lfo2;"&gt;&lt;!-- [if !supportLists]--&gt;&lt;span style="font-family: Symbol; mso-fareast-font-family: Symbol; mso-bidi-font-family: Symbol;"&gt;&amp;middot;&lt;span style="font-stretch: normal; font-size: 7pt; line-height: normal; font-family: 'Times New Roman';"&gt;&amp;nbsp;&amp;nbsp;&amp;nbsp;&amp;nbsp;&amp;nbsp;&amp;nbsp;&amp;nbsp;&amp;nbsp; &lt;/span&gt;&lt;/span&gt;&lt;!--[endif]--&gt;&lt;strong&gt;Explore the world of the expertise:&lt;/strong&gt;&lt;/p&gt;
&lt;p class="MsoNormal" style="text-align: justify;"&gt;This can be considered as the main reason of choosing the outsourcing. The business can get the best of the skills from the market without wasting the time in training. While the process of the recruitment can be considered as tedious and time consuming. Outsourcing can help the business to focus on its core functions. Assigning the work to a expert that have best skills for the assigned task can help the business to achieve the desired goals.&lt;/p&gt;
&lt;p class="MsoListParagraph" style="text-align: justify; text-indent: -.25in; mso-list: l1 level1 lfo2;"&gt;&lt;!-- [if !supportLists]--&gt;&lt;span style="font-family: Symbol; mso-fareast-font-family: Symbol; mso-bidi-font-family: Symbol;"&gt;&amp;middot;&lt;span style="font-stretch: normal; font-size: 7pt; line-height: normal; font-family: 'Times New Roman';"&gt;&amp;nbsp;&amp;nbsp;&amp;nbsp;&amp;nbsp;&amp;nbsp;&amp;nbsp;&amp;nbsp;&amp;nbsp; &lt;/span&gt;&lt;/span&gt;&lt;!--[endif]--&gt;&lt;strong&gt;Focus on what you are expert:&lt;/strong&gt;&lt;/p&gt;
&lt;p class="MsoNormal" style="text-align: justify;"&gt;Basically the concept of outsourcing means assigning the work to the third party. That helps the business unit to concentrate on its main core activities. While the third party was concentrating on its assigned tasks. The work load in the business environment also reduces with the help of the outsourcing.&lt;/p&gt;
&lt;p class="MsoListParagraph" style="text-align: justify; text-indent: -.25in; mso-list: l1 level1 lfo2;"&gt;&lt;!-- [if !supportLists]--&gt;&lt;span style="font-family: Symbol; mso-fareast-font-family: Symbol; mso-bidi-font-family: Symbol;"&gt;&amp;middot;&lt;span style="font-stretch: normal; font-size: 7pt; line-height: normal; font-family: 'Times New Roman';"&gt;&amp;nbsp;&amp;nbsp;&amp;nbsp;&amp;nbsp;&amp;nbsp;&amp;nbsp;&amp;nbsp;&amp;nbsp; &lt;/span&gt;&lt;/span&gt;&lt;!--[endif]--&gt;&lt;strong&gt;Lesser the risks:&lt;/strong&gt;&lt;/p&gt;
&lt;p class="MsoNormal" style="text-align: justify;"&gt;Well it is said that if you don&amp;rsquo;t know, better not to do. So here the concept of the outsourcing arise and can help the business to achieve the desired requirements. With the skilled virtual employees you can lessens the risks and can grow the business on its core functions.&lt;/p&gt;
&lt;p class="MsoListParagraph" style="text-align: justify; text-indent: -.25in; mso-list: l1 level1 lfo2;"&gt;&lt;!-- [if !supportLists]--&gt;&lt;span style="font-family: Symbol; mso-fareast-font-family: Symbol; mso-bidi-font-family: Symbol;"&gt;&amp;middot;&lt;span style="font-stretch: normal; font-size: 7pt; line-height: normal; font-family: 'Times New Roman';"&gt;&amp;nbsp;&amp;nbsp;&amp;nbsp;&amp;nbsp;&amp;nbsp;&amp;nbsp;&amp;nbsp;&amp;nbsp; &lt;/span&gt;&lt;/span&gt;&lt;!--[endif]--&gt;&lt;strong&gt;Efficient in the core functions:&lt;/strong&gt;&lt;/p&gt;
&lt;p class="MsoNormal" style="text-align: justify;"&gt;As the works is allotted to the outsourcing partner, this helps the internal staff to gain efficiency in the main core concepts. The more time they perform the core tasks they increase their efficiency in the core activities.&lt;/p&gt;
&lt;p class="MsoNormal" style="text-align: justify;"&gt;&lt;strong&gt;Get your business round the clock:&lt;/strong&gt;&lt;/p&gt;
&lt;p class="MsoNormal" style="text-align: justify;"&gt;The concept of different time zone helps a lot to work round the clock. The outsourcing countries like India are in different time zone that gives the company to work even during night. Now that turns the company to work all round the clock.&lt;/p&gt;
&lt;p class="MsoListParagraph" style="text-align: justify; text-indent: -.25in; mso-list: l1 level1 lfo2;"&gt;&lt;!-- [if !supportLists]--&gt;&lt;span style="font-family: Symbol; mso-fareast-font-family: Symbol; mso-bidi-font-family: Symbol;"&gt;&amp;middot;&lt;span style="font-stretch: normal; font-size: 7pt; line-height: normal; font-family: 'Times New Roman';"&gt;&amp;nbsp;&amp;nbsp;&amp;nbsp;&amp;nbsp;&amp;nbsp;&amp;nbsp;&amp;nbsp;&amp;nbsp; &lt;/span&gt;&lt;/span&gt;&lt;!--[endif]--&gt;&lt;strong&gt;Flexible staff:&lt;/strong&gt;&lt;/p&gt;
&lt;p class="MsoNormal" style="text-align: justify;"&gt;Outsourcing considers the independent task allocations, allows the business to maintain the financial flexibility when the task is uncertain in demand. The company can scale up or down according to the demand.&lt;/p&gt;
&lt;p class="MsoListParagraph" style="text-align: justify; text-indent: -.25in; mso-list: l1 level1 lfo2;"&gt;&lt;!-- [if !supportLists]--&gt;&lt;span style="font-family: Symbol; mso-fareast-font-family: Symbol; mso-bidi-font-family: Symbol;"&gt;&amp;middot;&lt;span style="font-stretch: normal; font-size: 7pt; line-height: normal; font-family: 'Times New Roman';"&gt;&amp;nbsp;&amp;nbsp;&amp;nbsp;&amp;nbsp;&amp;nbsp;&amp;nbsp;&amp;nbsp;&amp;nbsp; &lt;/span&gt;&lt;/span&gt;&lt;!--[endif]--&gt;&lt;strong&gt;Improve the service quality:&lt;/strong&gt;&lt;/p&gt;
&lt;p class="MsoNormal" style="text-align: justify;"&gt;With the best outsourcing partner, their skills and unmatched quality the company can get the better level of services. The better quality of service leads to the customer satisfaction. The customer satisfaction is main to expand the business terms.&lt;/p&gt;
&lt;p class="MsoListParagraph" style="text-align: justify; text-indent: -.25in; mso-list: l1 level1 lfo2;"&gt;&lt;!-- [if !supportLists]--&gt;&lt;span style="font-family: Symbol; mso-fareast-font-family: Symbol; mso-bidi-font-family: Symbol;"&gt;&amp;middot;&lt;span style="font-stretch: normal; font-size: 7pt; line-height: normal; font-family: 'Times New Roman';"&gt;&amp;nbsp;&amp;nbsp;&amp;nbsp;&amp;nbsp;&amp;nbsp;&amp;nbsp;&amp;nbsp;&amp;nbsp; &lt;/span&gt;&lt;/span&gt;&lt;!--[endif]--&gt;&lt;strong&gt;Time and money savings:&lt;/strong&gt;&lt;/p&gt;
&lt;p class="MsoNormal" style="text-align: justify;"&gt;With the help of the outsourcing partner, you can concentrate on your core functions that help the business to save the time on other supporting functions. The company can save a lot in the financial terms as the cost for the outsourcing is much lesser than expectations. As we know that when time and money are saved, the chances of business expansion increases.&lt;/p&gt;
&lt;p class="MsoListParagraph" style="text-align: justify; text-indent: -.25in; mso-list: l1 level1 lfo2;"&gt;&lt;!-- [if !supportLists]--&gt;&lt;span style="font-family: Symbol; mso-fareast-font-family: Symbol; mso-bidi-font-family: Symbol;"&gt;&amp;middot;&lt;span style="font-stretch: normal; font-size: 7pt; line-height: normal; font-family: 'Times New Roman';"&gt;&amp;nbsp;&amp;nbsp;&amp;nbsp;&amp;nbsp;&amp;nbsp;&amp;nbsp;&amp;nbsp;&amp;nbsp; &lt;/span&gt;&lt;/span&gt;&lt;!--[endif]--&gt;&lt;strong&gt;Compete with the real competitors:&lt;/strong&gt;&lt;/p&gt;
&lt;p class="MsoNormal" style="text-align: justify;"&gt;The main benefit of implementing the outsourcing is that the company can compete to the rival company with the best options. The perfect strategy can help a lot a business to grow in this competitive market.&lt;/p&gt;
&lt;p class="MsoListParagraph" style="text-align: justify; text-indent: -.25in; mso-list: l1 level1 lfo2;"&gt;&lt;!-- [if !supportLists]--&gt;&lt;span style="font-family: Symbol; mso-fareast-font-family: Symbol; mso-bidi-font-family: Symbol;"&gt;&amp;middot;&lt;span style="font-stretch: normal; font-size: 7pt; line-height: normal; font-family: 'Times New Roman';"&gt;&amp;nbsp;&amp;nbsp;&amp;nbsp;&amp;nbsp;&amp;nbsp;&amp;nbsp;&amp;nbsp;&amp;nbsp; &lt;/span&gt;&lt;/span&gt;&lt;!--[endif]--&gt;&lt;strong&gt;Overall business growth:&lt;/strong&gt;&lt;/p&gt;
&lt;p class="MsoNormal" style="text-align: justify;"&gt;As the business have adapted the concept of outsourcing, it can be seen that there is increase in the productivity, customer satisfaction, level in the quality, business standards and the profit.&lt;/p&gt;</description>
      <link>https://theonetechnologies.com/blog/post/outsourcing-to-india</link>
      <author>info@theonetechnologies.com</author>
      <comments>https://theonetechnologies.com/blog/post/outsourcing-to-india#comment</comments>
      <guid>https://theonetechnologies.com/blog/post.aspx?id=fa8fd751-3d32-44f8-b0bf-a5e8ff0cfef5</guid>
      <pubDate>Tue, 7 Jul 2015 06:37:00 +0000</pubDate>
      <category>ASP.NET</category>
      <category>Facebook</category>
      <category>Google API</category>
      <category>IIS</category>
      <category>LinkedIn API</category>
      <category>MySQL</category>
      <category>Small Business</category>
      <category>Software Outsourcing</category>
      <category>SQL Server</category>
      <category>uCommerce</category>
      <category>Umbraco</category>
      <category>Visual Studio</category>
      <category>Web Design</category>
      <dc:publisher>Admin</dc:publisher>
      <pingback:server>https://theonetechnologies.com/blog/pingback.axd</pingback:server>
      <pingback:target>https://theonetechnologies.com/blog/post.aspx?id=fa8fd751-3d32-44f8-b0bf-a5e8ff0cfef5</pingback:target>
      <slash:comments>0</slash:comments>
      <trackback:ping>https://theonetechnologies.com/blog/trackback.axd?id=fa8fd751-3d32-44f8-b0bf-a5e8ff0cfef5</trackback:ping>
      <wfw:comment>https://theonetechnologies.com/blog/post/outsourcing-to-india#comment</wfw:comment>
      <wfw:commentRss>https://theonetechnologies.com/blog/syndication.axd?post=fa8fd751-3d32-44f8-b0bf-a5e8ff0cfef5</wfw:commentRss>
    </item>
    <item>
      <title>Developing E-commerce website on Umbraco and uCommerce Platform</title>
      <description>&lt;h2&gt;Introduction To uCommerce&lt;/h2&gt;
&lt;p&gt;U-Commerce means Ubiquitous (i.e.&amp;nbsp; present everywhere) Commerce. Its related to variety of goods and services. uCommerce is a feature-rich e-commerce platform and represents "Anytime, Anywhere" Commerce. We can say its extension of E and M Commerce.&lt;/p&gt;
&lt;p&gt;uCommerce is an e-commerce platform built on Microsoft .NET combining Umbraco or Sitecore.&lt;/p&gt;
&lt;h3&gt;Advantage&lt;/h3&gt;
&lt;ul&gt;
&lt;li&gt;E-commerce website remains open all the time so customers can buy product at time which is comfortable to them.&lt;/li&gt;
&lt;li&gt;Via uConnector you can integrate your full ERP system with uCommerce.&lt;/li&gt;
&lt;li&gt;It supports highly customizable product presentation.&lt;/li&gt;
&lt;li&gt;Supports comfortable way to manage content and highly customizable checkout flow.&lt;/li&gt;
&lt;li&gt;It supports inventory management, Multiple language support, Multiple store support.&lt;/li&gt;
&lt;li&gt;SEO: supports Multilingual Friendly URLs, Friendly URLs, In Google search results you can find ratings, Reviews and Pricing information.&lt;/li&gt;
&lt;li&gt;Easy Order management and order History.&lt;/li&gt;
&lt;/ul&gt;
&lt;h3&gt;Disadvantage&lt;/h3&gt;
&lt;ul&gt;
&lt;li&gt;Customers sometimes want to touch, smell, Hear or test the product. Here they can not experience the product before purchasing it.&lt;/li&gt;
&lt;li&gt;Without Internet and Internet compatible device customer can not buy products.&lt;/li&gt;
&lt;li&gt;Delay in receiving Goods: While buying products online customer need to wait for product to be shipped.&lt;/li&gt;
&lt;li&gt;You need Umbraco or SiteCore CMS setup and running before you can setup uCommerce&lt;/li&gt;
&lt;/ul&gt;</description>
      <link>https://theonetechnologies.com/blog/post/developing-e-commerce-website-on-umbraco-and-ucommerce-platform</link>
      <author>info@theonetechnologies.com</author>
      <comments>https://theonetechnologies.com/blog/post/developing-e-commerce-website-on-umbraco-and-ucommerce-platform#comment</comments>
      <guid>https://theonetechnologies.com/blog/post.aspx?id=58f03d8a-edb8-4c44-92b8-246ce774b55d</guid>
      <pubDate>Tue, 22 Jul 2014 04:59:00 +0000</pubDate>
      <category>ASP.NET</category>
      <category>Umbraco</category>
      <category>uCommerce</category>
      <betag:tag>Umbraco</betag:tag>
      <betag:tag>Website</betag:tag>
      <betag:tag>Small Business Website</betag:tag>
      <betag:tag>asp.net</betag:tag>
      <betag:tag>uCommerce</betag:tag>
      <betag:tag>eCommerce</betag:tag>
      <dc:publisher>Admin</dc:publisher>
      <pingback:server>https://theonetechnologies.com/blog/pingback.axd</pingback:server>
      <pingback:target>https://theonetechnologies.com/blog/post.aspx?id=58f03d8a-edb8-4c44-92b8-246ce774b55d</pingback:target>
      <slash:comments>1</slash:comments>
      <trackback:ping>https://theonetechnologies.com/blog/trackback.axd?id=58f03d8a-edb8-4c44-92b8-246ce774b55d</trackback:ping>
      <wfw:comment>https://theonetechnologies.com/blog/post/developing-e-commerce-website-on-umbraco-and-ucommerce-platform#comment</wfw:comment>
      <wfw:commentRss>https://theonetechnologies.com/blog/syndication.axd?post=58f03d8a-edb8-4c44-92b8-246ce774b55d</wfw:commentRss>
    </item>
    <item>
      <title>Benefits of using Umbraco for Website development</title>
      <description>&lt;p&gt;Umbraco is a &lt;strong&gt;open source content management system&lt;/strong&gt; built using Microsoft asp.net framework, which allows you to run small brochure or business website to huge applications with its own fully- featured environment and bulk of extended tools. Umbraco is developed with ASP.net and it is one of the most popular platform of professional programmers. Currently more then 100,000 websites running on Umbraco.&lt;/p&gt;
&lt;h2&gt;Advantage of using Umbraco for Website&lt;/h2&gt;
&lt;ul&gt;
&lt;li&gt;You will able to use fully featured environment of Umbraco for editing or storing data right after installation.&lt;/li&gt;
&lt;li&gt;Its simple to use and Powerful CMS: It allows you to maintain and manage your website exactly how you want, with its simple content management and editing tools.&lt;/li&gt;
&lt;li&gt;Supports Multiple Languages&lt;/li&gt;
&lt;li&gt;Bulk of Ready to use packages&lt;/li&gt;
&lt;li&gt;Microsoft Support: It supports Microsoft Word or Windows Live Writer. with that you can manage news pages or blog without using browser.&lt;/li&gt;
&lt;li&gt;Umbraco Gives you Full Design control: You have full control for appearance of your site with CSS, HTML and ASP.NET controls.&lt;/li&gt;
&lt;li&gt;Supports standard tools: It supports ASP.NET controls, master pages, HTML. It has add-ons which uses XSLT and Razor macro. You can use deferent HTML editors such as Dream weaver or Visual Studio.&lt;/li&gt;
&lt;li&gt;Allows you to upload images, video and files in media library.&lt;/li&gt;
&lt;li&gt;Search: With Umbraco you can acquire results according to your search requirement with its in-built Smart Search feature. All users can find the things on your website exactly according their requirement.&lt;/li&gt;
&lt;li&gt;Umbraco supports Cloud: Umbraco Runs On cloud. Whether use Amazon EC2 cloud or Windows Azure cloud, you can deploy site easily.&lt;/li&gt;
&lt;/ul&gt;
&lt;h2&gt;Disadvantage&lt;/h2&gt;
&lt;ul&gt;
&lt;li&gt;It is somewhat difficult to use newly developed umbraco system immediately after installing it. Umbraco intended for developers to customize it for project. User can not directly see site pages and they can not directly edit content too. Though, while installing Umbraco, there is option to use starter package that create initial structure for blog or personal site as well news site. But it still require customization.&lt;/li&gt;
&lt;li&gt;If someone want to create website in small amount of time and don't want to update it frequently or site which newer need to update in future then you should not go with&amp;nbsp; this kind of powerful CMS tool.&lt;/li&gt;
&lt;li&gt;For Developers who are not that much familiar with CMS, they can not easily develop site using Umbraco, they have to study the system first and get idea how to use its functionality&lt;/li&gt;
&lt;/ul&gt;</description>
      <link>https://theonetechnologies.com/blog/post/benefits-of-using-umbraco-for-website-development</link>
      <author>info@theonetechnologies.com</author>
      <comments>https://theonetechnologies.com/blog/post/benefits-of-using-umbraco-for-website-development#comment</comments>
      <guid>https://theonetechnologies.com/blog/post.aspx?id=632349fd-12a4-42bd-9c8c-d9f9388b1fce</guid>
      <pubDate>Fri, 18 Jul 2014 23:01:00 +0000</pubDate>
      <category>ASP.NET</category>
      <category>Small Business</category>
      <category>Web Design</category>
      <category>Umbraco</category>
      <betag:tag>asp.net</betag:tag>
      <betag:tag>Responsive Web Design</betag:tag>
      <betag:tag>Small Business Website</betag:tag>
      <betag:tag>Web Design</betag:tag>
      <betag:tag>Website</betag:tag>
      <betag:tag>CMS</betag:tag>
      <betag:tag>Content Management System</betag:tag>
      <betag:tag>Umbraco</betag:tag>
      <dc:publisher>Admin</dc:publisher>
      <pingback:server>https://theonetechnologies.com/blog/pingback.axd</pingback:server>
      <pingback:target>https://theonetechnologies.com/blog/post.aspx?id=632349fd-12a4-42bd-9c8c-d9f9388b1fce</pingback:target>
      <slash:comments>3</slash:comments>
      <trackback:ping>https://theonetechnologies.com/blog/trackback.axd?id=632349fd-12a4-42bd-9c8c-d9f9388b1fce</trackback:ping>
      <wfw:comment>https://theonetechnologies.com/blog/post/benefits-of-using-umbraco-for-website-development#comment</wfw:comment>
      <wfw:commentRss>https://theonetechnologies.com/blog/syndication.axd?post=632349fd-12a4-42bd-9c8c-d9f9388b1fce</wfw:commentRss>
    </item>
  </channel>
</rss>