﻿<?xml version="1.0" encoding="utf-8"?>
<rss version="2.0" xmlns:blogChannel="http://backend.userland.com/blogChannelModule" xmlns:dc="http://purl.org/dc/elements/1.1/" xmlns:pingback="http://madskills.com/public/xml/rss/module/pingback/" xmlns:trackback="http://madskills.com/public/xml/rss/module/trackback/" xmlns:wfw="http://wellformedweb.org/CommentAPI/" xmlns:slash="http://purl.org/rss/1.0/modules/slash/" xmlns:geo="http://www.w3.org/2003/01/geo/wgs84_pos#" xmlns:betag="http://dotnetblogengine.net/schemas/tags">
  <channel>
    <title>The One Technologies - LinkedIn API</title>
    <description>ASP.NET, IIS, Web Development Outsourcing</description>
    <link>https://theonetechnologies.com/blog/</link>
    <docs>http://www.rssboard.org/rss-specification</docs>
    <generator>BlogEngine.NET 3.3.0.1</generator>
    <language>en-US</language>
    <blogChannel:blogRoll>https://theonetechnologies.com/blog/opml.axd</blogChannel:blogRoll>
    <dc:creator>The One Technologies</dc:creator>
    <dc:title>The One Technologies</dc:title>
    <geo:lat>0.000000</geo:lat>
    <geo:long>0.000000</geo:long>
    <item>
      <title>Outsourcing</title>
      <description>&lt;p class="MsoNormal" style="text-align: justify;"&gt;Outsourcing can be consider as not just&amp;nbsp; idea but now a days it&amp;rsquo;s a concept for rapid growth. The term of outsourcing has been discovered years ago, but it came in lime light just a decade ago.&lt;/p&gt;
&lt;p class="MsoNormal" style="text-align: justify;"&gt;Outsourcing generally means taking the help from the third person and appraising him by providing the monitorial funds for the same activity. This activity can be considered as the contract that cab be initiated and can be terminated as per the needs.&lt;/p&gt;
&lt;p class="MsoNormal" style="text-align: justify;"&gt;The concept of outsourcing can be implemented when the firm wants to expand its business aspects as well as to get the better options for the business requirements. Now a day the outsourcing is implemented just to complete the requirements at a competitive cost with best expert skills.&lt;/p&gt;
&lt;p class="MsoNormal" style="text-align: justify;"&gt;The outsourcing can reduce the currents costs as well as it can help the company to expand its idea at a great level. The concept of virtual staffing, increase in efficiency, reduce in turnaround time leads the company to achieve the high level of profit earning.&lt;/p&gt;
&lt;p class="MsoNormal" style="text-align: justify;"&gt;Like many other business, there should be a proper planning and research for choosing the best outsourcing partner. Using the outsourcing, the business can concentrate on its core activities and can achieve the desired goal in the same. So to concept of the off-focusing towards the main goal does not rise.&lt;/p&gt;
&lt;p class="MsoNormal" style="text-align: justify;"&gt;&lt;span style="font-family: Wingdings; mso-fareast-font-family: Wingdings; mso-bidi-font-family: Wingdings;"&gt;&lt;span style="font-stretch: normal; font-size: 7pt; line-height: normal; font-family: 'Times New Roman';"&gt;&amp;nbsp;&lt;/span&gt;&lt;/span&gt;&lt;!--[endif]--&gt;&lt;strong&gt;&lt;u&gt;The main benefits of having the outsourcing partner are given below:&lt;/u&gt;&lt;/strong&gt;&lt;/p&gt;
&lt;p class="MsoListParagraphCxSpLast" style="text-align: justify; text-indent: -.25in; mso-list: l1 level1 lfo2;"&gt;&lt;!-- [if !supportLists]--&gt;&lt;span style="font-family: Symbol; mso-fareast-font-family: Symbol; mso-bidi-font-family: Symbol;"&gt;&amp;middot;&lt;span style="font-stretch: normal; font-size: 7pt; line-height: normal; font-family: 'Times New Roman';"&gt;&amp;nbsp;&amp;nbsp;&amp;nbsp;&amp;nbsp;&amp;nbsp;&amp;nbsp;&amp;nbsp;&amp;nbsp; &lt;/span&gt;&lt;/span&gt;&lt;!--[endif]--&gt;&lt;strong&gt;Explore the world of the expertise:&lt;/strong&gt;&lt;/p&gt;
&lt;p class="MsoNormal" style="text-align: justify;"&gt;This can be considered as the main reason of choosing the outsourcing. The business can get the best of the skills from the market without wasting the time in training. While the process of the recruitment can be considered as tedious and time consuming. Outsourcing can help the business to focus on its core functions. Assigning the work to a expert that have best skills for the assigned task can help the business to achieve the desired goals.&lt;/p&gt;
&lt;p class="MsoListParagraph" style="text-align: justify; text-indent: -.25in; mso-list: l1 level1 lfo2;"&gt;&lt;!-- [if !supportLists]--&gt;&lt;span style="font-family: Symbol; mso-fareast-font-family: Symbol; mso-bidi-font-family: Symbol;"&gt;&amp;middot;&lt;span style="font-stretch: normal; font-size: 7pt; line-height: normal; font-family: 'Times New Roman';"&gt;&amp;nbsp;&amp;nbsp;&amp;nbsp;&amp;nbsp;&amp;nbsp;&amp;nbsp;&amp;nbsp;&amp;nbsp; &lt;/span&gt;&lt;/span&gt;&lt;!--[endif]--&gt;&lt;strong&gt;Focus on what you are expert:&lt;/strong&gt;&lt;/p&gt;
&lt;p class="MsoNormal" style="text-align: justify;"&gt;Basically the concept of outsourcing means assigning the work to the third party. That helps the business unit to concentrate on its main core activities. While the third party was concentrating on its assigned tasks. The work load in the business environment also reduces with the help of the outsourcing.&lt;/p&gt;
&lt;p class="MsoListParagraph" style="text-align: justify; text-indent: -.25in; mso-list: l1 level1 lfo2;"&gt;&lt;!-- [if !supportLists]--&gt;&lt;span style="font-family: Symbol; mso-fareast-font-family: Symbol; mso-bidi-font-family: Symbol;"&gt;&amp;middot;&lt;span style="font-stretch: normal; font-size: 7pt; line-height: normal; font-family: 'Times New Roman';"&gt;&amp;nbsp;&amp;nbsp;&amp;nbsp;&amp;nbsp;&amp;nbsp;&amp;nbsp;&amp;nbsp;&amp;nbsp; &lt;/span&gt;&lt;/span&gt;&lt;!--[endif]--&gt;&lt;strong&gt;Lesser the risks:&lt;/strong&gt;&lt;/p&gt;
&lt;p class="MsoNormal" style="text-align: justify;"&gt;Well it is said that if you don&amp;rsquo;t know, better not to do. So here the concept of the outsourcing arise and can help the business to achieve the desired requirements. With the skilled virtual employees you can lessens the risks and can grow the business on its core functions.&lt;/p&gt;
&lt;p class="MsoListParagraph" style="text-align: justify; text-indent: -.25in; mso-list: l1 level1 lfo2;"&gt;&lt;!-- [if !supportLists]--&gt;&lt;span style="font-family: Symbol; mso-fareast-font-family: Symbol; mso-bidi-font-family: Symbol;"&gt;&amp;middot;&lt;span style="font-stretch: normal; font-size: 7pt; line-height: normal; font-family: 'Times New Roman';"&gt;&amp;nbsp;&amp;nbsp;&amp;nbsp;&amp;nbsp;&amp;nbsp;&amp;nbsp;&amp;nbsp;&amp;nbsp; &lt;/span&gt;&lt;/span&gt;&lt;!--[endif]--&gt;&lt;strong&gt;Efficient in the core functions:&lt;/strong&gt;&lt;/p&gt;
&lt;p class="MsoNormal" style="text-align: justify;"&gt;As the works is allotted to the outsourcing partner, this helps the internal staff to gain efficiency in the main core concepts. The more time they perform the core tasks they increase their efficiency in the core activities.&lt;/p&gt;
&lt;p class="MsoNormal" style="text-align: justify;"&gt;&lt;strong&gt;Get your business round the clock:&lt;/strong&gt;&lt;/p&gt;
&lt;p class="MsoNormal" style="text-align: justify;"&gt;The concept of different time zone helps a lot to work round the clock. The outsourcing countries like India are in different time zone that gives the company to work even during night. Now that turns the company to work all round the clock.&lt;/p&gt;
&lt;p class="MsoListParagraph" style="text-align: justify; text-indent: -.25in; mso-list: l1 level1 lfo2;"&gt;&lt;!-- [if !supportLists]--&gt;&lt;span style="font-family: Symbol; mso-fareast-font-family: Symbol; mso-bidi-font-family: Symbol;"&gt;&amp;middot;&lt;span style="font-stretch: normal; font-size: 7pt; line-height: normal; font-family: 'Times New Roman';"&gt;&amp;nbsp;&amp;nbsp;&amp;nbsp;&amp;nbsp;&amp;nbsp;&amp;nbsp;&amp;nbsp;&amp;nbsp; &lt;/span&gt;&lt;/span&gt;&lt;!--[endif]--&gt;&lt;strong&gt;Flexible staff:&lt;/strong&gt;&lt;/p&gt;
&lt;p class="MsoNormal" style="text-align: justify;"&gt;Outsourcing considers the independent task allocations, allows the business to maintain the financial flexibility when the task is uncertain in demand. The company can scale up or down according to the demand.&lt;/p&gt;
&lt;p class="MsoListParagraph" style="text-align: justify; text-indent: -.25in; mso-list: l1 level1 lfo2;"&gt;&lt;!-- [if !supportLists]--&gt;&lt;span style="font-family: Symbol; mso-fareast-font-family: Symbol; mso-bidi-font-family: Symbol;"&gt;&amp;middot;&lt;span style="font-stretch: normal; font-size: 7pt; line-height: normal; font-family: 'Times New Roman';"&gt;&amp;nbsp;&amp;nbsp;&amp;nbsp;&amp;nbsp;&amp;nbsp;&amp;nbsp;&amp;nbsp;&amp;nbsp; &lt;/span&gt;&lt;/span&gt;&lt;!--[endif]--&gt;&lt;strong&gt;Improve the service quality:&lt;/strong&gt;&lt;/p&gt;
&lt;p class="MsoNormal" style="text-align: justify;"&gt;With the best outsourcing partner, their skills and unmatched quality the company can get the better level of services. The better quality of service leads to the customer satisfaction. The customer satisfaction is main to expand the business terms.&lt;/p&gt;
&lt;p class="MsoListParagraph" style="text-align: justify; text-indent: -.25in; mso-list: l1 level1 lfo2;"&gt;&lt;!-- [if !supportLists]--&gt;&lt;span style="font-family: Symbol; mso-fareast-font-family: Symbol; mso-bidi-font-family: Symbol;"&gt;&amp;middot;&lt;span style="font-stretch: normal; font-size: 7pt; line-height: normal; font-family: 'Times New Roman';"&gt;&amp;nbsp;&amp;nbsp;&amp;nbsp;&amp;nbsp;&amp;nbsp;&amp;nbsp;&amp;nbsp;&amp;nbsp; &lt;/span&gt;&lt;/span&gt;&lt;!--[endif]--&gt;&lt;strong&gt;Time and money savings:&lt;/strong&gt;&lt;/p&gt;
&lt;p class="MsoNormal" style="text-align: justify;"&gt;With the help of the outsourcing partner, you can concentrate on your core functions that help the business to save the time on other supporting functions. The company can save a lot in the financial terms as the cost for the outsourcing is much lesser than expectations. As we know that when time and money are saved, the chances of business expansion increases.&lt;/p&gt;
&lt;p class="MsoListParagraph" style="text-align: justify; text-indent: -.25in; mso-list: l1 level1 lfo2;"&gt;&lt;!-- [if !supportLists]--&gt;&lt;span style="font-family: Symbol; mso-fareast-font-family: Symbol; mso-bidi-font-family: Symbol;"&gt;&amp;middot;&lt;span style="font-stretch: normal; font-size: 7pt; line-height: normal; font-family: 'Times New Roman';"&gt;&amp;nbsp;&amp;nbsp;&amp;nbsp;&amp;nbsp;&amp;nbsp;&amp;nbsp;&amp;nbsp;&amp;nbsp; &lt;/span&gt;&lt;/span&gt;&lt;!--[endif]--&gt;&lt;strong&gt;Compete with the real competitors:&lt;/strong&gt;&lt;/p&gt;
&lt;p class="MsoNormal" style="text-align: justify;"&gt;The main benefit of implementing the outsourcing is that the company can compete to the rival company with the best options. The perfect strategy can help a lot a business to grow in this competitive market.&lt;/p&gt;
&lt;p class="MsoListParagraph" style="text-align: justify; text-indent: -.25in; mso-list: l1 level1 lfo2;"&gt;&lt;!-- [if !supportLists]--&gt;&lt;span style="font-family: Symbol; mso-fareast-font-family: Symbol; mso-bidi-font-family: Symbol;"&gt;&amp;middot;&lt;span style="font-stretch: normal; font-size: 7pt; line-height: normal; font-family: 'Times New Roman';"&gt;&amp;nbsp;&amp;nbsp;&amp;nbsp;&amp;nbsp;&amp;nbsp;&amp;nbsp;&amp;nbsp;&amp;nbsp; &lt;/span&gt;&lt;/span&gt;&lt;!--[endif]--&gt;&lt;strong&gt;Overall business growth:&lt;/strong&gt;&lt;/p&gt;
&lt;p class="MsoNormal" style="text-align: justify;"&gt;As the business have adapted the concept of outsourcing, it can be seen that there is increase in the productivity, customer satisfaction, level in the quality, business standards and the profit.&lt;/p&gt;</description>
      <link>https://theonetechnologies.com/blog/post/outsourcing-to-india</link>
      <author>info@theonetechnologies.com</author>
      <comments>https://theonetechnologies.com/blog/post/outsourcing-to-india#comment</comments>
      <guid>https://theonetechnologies.com/blog/post.aspx?id=fa8fd751-3d32-44f8-b0bf-a5e8ff0cfef5</guid>
      <pubDate>Tue, 7 Jul 2015 06:37:00 +0000</pubDate>
      <category>ASP.NET</category>
      <category>Facebook</category>
      <category>Google API</category>
      <category>IIS</category>
      <category>LinkedIn API</category>
      <category>MySQL</category>
      <category>Small Business</category>
      <category>Software Outsourcing</category>
      <category>SQL Server</category>
      <category>uCommerce</category>
      <category>Umbraco</category>
      <category>Visual Studio</category>
      <category>Web Design</category>
      <dc:publisher>Admin</dc:publisher>
      <pingback:server>https://theonetechnologies.com/blog/pingback.axd</pingback:server>
      <pingback:target>https://theonetechnologies.com/blog/post.aspx?id=fa8fd751-3d32-44f8-b0bf-a5e8ff0cfef5</pingback:target>
      <slash:comments>0</slash:comments>
      <trackback:ping>https://theonetechnologies.com/blog/trackback.axd?id=fa8fd751-3d32-44f8-b0bf-a5e8ff0cfef5</trackback:ping>
      <wfw:comment>https://theonetechnologies.com/blog/post/outsourcing-to-india#comment</wfw:comment>
      <wfw:commentRss>https://theonetechnologies.com/blog/syndication.axd?post=fa8fd751-3d32-44f8-b0bf-a5e8ff0cfef5</wfw:commentRss>
    </item>
    <item>
      <title>ASP.NET - Login and SingUp with LinkedIn API</title>
      <description>&lt;p&gt;In our previous blog post we looked at &lt;a href="https://theonetechnologies.com/blog/post/aspnet-signin-with-google-plus-using-google-plus-api-part-2" target="_blank"&gt;Login with Google plus using Google Plus API in asp.net&lt;/a&gt;.&lt;/p&gt;
&lt;p&gt;Here I will explain how to integrate SingIn with LinkedIn button to asp.net web application using JavaScript API. By extending scope, we can also use this same functionality for Sign Up with Linkedin account or Linkedin login authentication for website in asp.net.&lt;/p&gt;
&lt;h2&gt;Obtain LinkedIn API key&lt;/h2&gt;
&lt;p&gt;The first step involves creating an application into LinkedIn developer portal at &lt;a href="http://developer.linkedin.com/" target="_blank"&gt;http://developer.linkedin.com/&lt;/a&gt;.&lt;/p&gt;
&lt;ol&gt;
&lt;li&gt;Once you login to developer portal, you can find API Keys link by hovering over your name at top right corner.&lt;/li&gt;
&lt;li&gt;Clicking on 'API Keys' link, it will list out your LinkedIN application if you have created any.&lt;/li&gt;
&lt;li&gt;Click on 'Add New Application' link, which shows the form to input different information about your application.&lt;/li&gt;
&lt;li&gt;In Default scope section, checkmark the scopes related to information you want to gather from the user. &lt;img src="https://theonetechnologies.com/blog/image.axd?picture=2013%2f9%2flinkedin-scope.png" alt="" /&gt; &lt;/li&gt;
&lt;li&gt;In 'Javascript API domains' section: please input comma separated domains on which you are going to run this application. &lt;img src="https://theonetechnologies.com/blog/image.axd?picture=2013%2f9%2flinkedin-api-allowed-domains.png" alt="" /&gt;&lt;/li&gt;
&lt;li&gt;Click 'Add Application' button. Once application is created you can see API Key and Secret Key for that application. These keys will be needed in our asp.net code to talk with LinkedIn API.&lt;/li&gt;
&lt;/ol&gt;
&lt;h2&gt;Create an asp.net class to hold deserialized JSON data from LinkedIn&lt;/h2&gt;
&lt;p&gt;&amp;nbsp;&lt;/p&gt;
&lt;pre class="brush: c-sharp;"&gt;public class LinkedinUser
{
    public string emailAddress { get; set; }
    public string firstName { get; set; }
    public string id { get; set; }
    public string lastName { get; set; }
    public string pictureUrl { get; set; }
}&lt;/pre&gt;
&lt;p&gt;&amp;nbsp;&lt;/p&gt;
&lt;h2&gt;ASP.Net login page to show SingIn with LinkedIn button&lt;/h2&gt;
&lt;ol&gt;
&lt;li&gt;In Head section of the page, reference the LinkedIn API javascript file.&lt;/li&gt;
&lt;li&gt;Inside body, place the &amp;lt;script type="in/login" ... tag which automatically shows the button. Notice the data-onAuth="onLinkedInAuth" attribute, which is the callback function.&lt;/li&gt;
&lt;li&gt;Write Javascript function onLinkedInAuth to handle the SignIn callback we get as a result from LinkedIn signin dialog.&lt;/li&gt;
&lt;/ol&gt;
&lt;p&gt;&amp;nbsp;&lt;/p&gt;
&lt;pre class="brush: xml;"&gt;&amp;lt;head&amp;gt;
    &amp;lt;title&amp;gt;&amp;lt;/title&amp;gt;
    &amp;lt;script type="text/javascript" src="http://platform.linkedin.com/in.js"&amp;gt;
        api_key: YOUR_API_KEY_HERE
        authorize: false
        credentials_cookie: true
    &amp;lt;/script&amp;gt;
&amp;lt;/head&amp;gt;
&amp;lt;body&amp;gt;
    &amp;lt;div id="linkedin_login"&amp;gt;&amp;lt;script type="in/login" data-onAuth="onLinkedInAuth"&amp;gt;&amp;lt;a href="#" onclick="location.reload();"&amp;gt;Reload Page&amp;lt;/a&amp;gt;&amp;lt;/script&amp;gt;&amp;lt;/div&amp;gt;
    &amp;lt;script type="text/javascript"&amp;gt;
        //LinkedIn Auth Event
        function onLinkedInAuth() {
            var loc = 'callback.aspx?accessToken=' + IN.ENV.auth.oauth_token;
            window.location.href = loc;
        }
        //End LinkedIn
&amp;lt;/script&amp;gt;
&amp;lt;/body&amp;gt;&lt;/pre&gt;
&lt;p&gt;&amp;nbsp;&lt;/p&gt;
&lt;h2&gt;Code for callback.aspx&lt;/h2&gt;
&lt;p&gt;As we passed the access token from the first page in querystring, we can use that here to make an API call to LinkedIn oauth/accessToken method to retrieve the user's token and token secret. Which can be used in sub-sequent API calls.&lt;/p&gt;
&lt;p&gt;&amp;nbsp;&lt;/p&gt;
&lt;pre class="brush: c-sharp;"&gt;public partial class callback : System.Web.UI.Page
{
	protected void Page_Load(object sender, EventArgs e)
	{
	    if (string.IsNullOrEmpty(Request.QueryString["access_token"])) return;

	    WebUtility oAuthLi = new WebUtility("linkedin");
	    string response = oAuthLi.oAuthWebRequest(WebUtility.Method.POST, "https://api.linkedin.com/uas/oauth/accessToken?xoauth_oauth2_access_token=" + oAuthLi.UrlEncode(Request.QueryString["accessToken"]), "");
	    string[] tokens = response.Split('&amp;amp;');
	    string token = tokens[0].Split('=')[1];
	    string token_secret = tokens[1].Split('=')[1];

	    //STORE THESE TOKENS FOR LATER CALLS
	    oAuthLi.Token = token;
	    oAuthLi.TokenSecret = token_secret;

	    //SAMPLE LINKEDIN API CALL
	    string url = "http://api.linkedin.com/v1/people/~:(id,first-name,last-name,email-address,picture-url)?format=json";

	    string json = oAuthLi.oAuthWebRequest(WebUtility.Method.GET, url, "");

	    JavaScriptSerializer js = new JavaScriptSerializer();
	    LinkedinUser linkedinUser = js.Deserialize&amp;lt;LinkedinUser&amp;gt;(json);
	    if (linkedinUser != null)
	    {
		Response.Write("Welcome, " + linkedinUser.emailAddress);
	    }
	}
}&lt;/pre&gt;
&lt;p&gt;&amp;nbsp;&lt;/p&gt;
&lt;p&gt;If you are looking for expert and &lt;a href="https://theonetechnologies.com/software-outsourcing-services/aspnet-web-development.aspx"&gt;talented ASP.Net Programmers&lt;/a&gt; to integrate Linked APIs into your existing website &lt;a href="https://theonetechnologies.com/contact.aspx"&gt;contact us&lt;/a&gt; to &lt;a href="https://theonetechnologies.com/software-outsourcing-services/aspnet-web-development.aspx"&gt;Hire ASP.Net Developer&lt;/a&gt;.&lt;/p&gt;
&lt;p&gt;You can take a look at the &lt;a href="https://theonetechnologies.com/social-media-api-demo/Linkedin-Login.aspx" target="_blank"&gt;Demo - SignIn with LinkedIn in ASP.NET&lt;/a&gt;.&lt;/p&gt;</description>
      <link>https://theonetechnologies.com/blog/post/asp-net-login-and-singup-with-linkedin-api</link>
      <author>info@theonetechnologies.com</author>
      <comments>https://theonetechnologies.com/blog/post/asp-net-login-and-singup-with-linkedin-api#comment</comments>
      <guid>https://theonetechnologies.com/blog/post.aspx?id=d41a863f-fd47-4498-8d61-2d2603acecd6</guid>
      <pubDate>Thu, 5 Sep 2013 04:11:00 +0000</pubDate>
      <category>ASP.NET</category>
      <category>Visual Studio</category>
      <category>LinkedIn API</category>
      <betag:tag>LinkedIn API</betag:tag>
      <betag:tag>SignUp</betag:tag>
      <betag:tag>Login</betag:tag>
      <betag:tag>OAuth</betag:tag>
      <betag:tag>LinkedIn</betag:tag>
      <betag:tag>.Net 2.0</betag:tag>
      <dc:publisher>Admin</dc:publisher>
      <pingback:server>https://theonetechnologies.com/blog/pingback.axd</pingback:server>
      <pingback:target>https://theonetechnologies.com/blog/post.aspx?id=d41a863f-fd47-4498-8d61-2d2603acecd6</pingback:target>
      <slash:comments>1</slash:comments>
      <trackback:ping>https://theonetechnologies.com/blog/trackback.axd?id=d41a863f-fd47-4498-8d61-2d2603acecd6</trackback:ping>
      <wfw:comment>https://theonetechnologies.com/blog/post/asp-net-login-and-singup-with-linkedin-api#comment</wfw:comment>
      <wfw:commentRss>https://theonetechnologies.com/blog/syndication.axd?post=d41a863f-fd47-4498-8d61-2d2603acecd6</wfw:commentRss>
    </item>
  </channel>
</rss>