﻿<?xml version="1.0" encoding="utf-8"?>
<rss version="2.0" xmlns:blogChannel="http://backend.userland.com/blogChannelModule" xmlns:dc="http://purl.org/dc/elements/1.1/" xmlns:pingback="http://madskills.com/public/xml/rss/module/pingback/" xmlns:trackback="http://madskills.com/public/xml/rss/module/trackback/" xmlns:wfw="http://wellformedweb.org/CommentAPI/" xmlns:slash="http://purl.org/rss/1.0/modules/slash/" xmlns:geo="http://www.w3.org/2003/01/geo/wgs84_pos#" xmlns:betag="http://dotnetblogengine.net/schemas/tags">
  <channel>
    <title>The One Technologies - Web Design</title>
    <description>ASP.NET, IIS, Web Development Outsourcing</description>
    <link>https://theonetechnologies.com/blog/</link>
    <docs>http://www.rssboard.org/rss-specification</docs>
    <generator>BlogEngine.NET 3.3.0.1</generator>
    <language>en-US</language>
    <blogChannel:blogRoll>https://theonetechnologies.com/blog/opml.axd</blogChannel:blogRoll>
    <dc:creator>The One Technologies</dc:creator>
    <dc:title>The One Technologies</dc:title>
    <geo:lat>0.000000</geo:lat>
    <geo:long>0.000000</geo:long>
    <item>
      <title>Partner Program and Advantage to be our Partner</title>
      <description>&lt;p class="MsoNormal" style="text-align: justify;"&gt;Outsourcing can be consider as not just&amp;nbsp; idea but now a days it&amp;rsquo;s a concept for rapid growth. The term of outsourcing has been discovered years ago, but it came in lime light just a decade ago.&amp;nbsp;Outsourcing to India has become a key business strategy in today's time. The One Technologies is an Indian IT outsourcing company, where we knows that maintaining and delivering your key areas is a big job while attempting to grow your business in this competitive and demanding world.&amp;nbsp;&lt;/p&gt;
&lt;p class="MsoNormal" style="text-align: justify;"&gt;Outsourcing generally means taking the help from the third person and appraising him by providing the monitorial funds for the same activity. This activity can be considered as the contract that can be initiated and can be terminated as per the needs.&lt;/p&gt;
&lt;p class="MsoNormal" style="text-align: justify;"&gt;The concept of outsourcing can be implemented when the firm wants to expand its business aspects as well as to get the better options for the business requirements. Now a day the outsourcing is implemented just to complete the requirements at a competitive cost with best expert skills.&lt;/p&gt;
&lt;p class="MsoNormal" style="text-align: justify;"&gt;The outsourcing can reduce the currents costs as well as it can help the company to expand its idea at a great level. The concept of virtual staffing, increase in efficiency, reduce in turnaround time leads the company to achieve the high level of profit earning.&lt;/p&gt;
&lt;p class="MsoNormal" style="text-align: justify;"&gt;Like many other business, there should be a proper planning and research for choosing the best outsourcing partner. Using the outsourcing, the business can concentrate on its core activities and can achieve the desired goal in the same. So to concept of the off-focusing towards the main goal does not rise.&lt;/p&gt;
&lt;p class="MsoNormal" style="text-align: justify;"&gt;&lt;u style="font-weight: bold;"&gt;The main benefits of having the outsourcing partner are given below:&lt;/u&gt;&lt;/p&gt;
&lt;p&gt;&lt;u style="font-weight: bold;"&gt;&lt;/u&gt;&lt;strong&gt;Explore the world of the expertise:&lt;/strong&gt;&lt;/p&gt;
&lt;p class="MsoNormal" style="text-align: justify;"&gt;This can be considered as the main reason of choosing the outsourcing. The business can get the best of the skills from the market without wasting the time in training. While the process of the recruitment can be considered as tedious and time consuming. Outsourcing can help the business to focus on its core functions. Assigning the work to a expert that have best skills for the assigned task can help the business to achieve the desired goals.&lt;/p&gt;
&lt;p class="MsoListParagraph" style="text-align: justify; text-indent: -.25in; mso-list: l1 level1 lfo2;"&gt;&lt;!-- [if !supportLists]--&gt;&lt;span style="font-family: Symbol; mso-fareast-font-family: Symbol; mso-bidi-font-family: Symbol;"&gt;&amp;middot;&lt;span style="font-stretch: normal; font-size: 7pt; line-height: normal; font-family: 'Times New Roman';"&gt;&amp;nbsp;&amp;nbsp;&amp;nbsp;&amp;nbsp;&amp;nbsp;&amp;nbsp;&amp;nbsp;&amp;nbsp; &lt;/span&gt;&lt;/span&gt;&lt;!--[endif]--&gt;&lt;strong&gt;Focus on what you are expert:&lt;/strong&gt;&lt;/p&gt;
&lt;p class="MsoNormal" style="text-align: justify;"&gt;Basically the concept of outsourcing means assigning the work to the third party. That helps the business unit to concentrate on its main core activities. While the third party was concentrating on its assigned tasks. The work load in the business environment also reduces with the help of the outsourcing.&lt;/p&gt;
&lt;p class="MsoListParagraph" style="text-align: justify; text-indent: -.25in; mso-list: l1 level1 lfo2;"&gt;&lt;!-- [if !supportLists]--&gt;&lt;span style="font-family: Symbol; mso-fareast-font-family: Symbol; mso-bidi-font-family: Symbol;"&gt;&amp;middot;&lt;span style="font-stretch: normal; font-size: 7pt; line-height: normal; font-family: 'Times New Roman';"&gt;&amp;nbsp;&amp;nbsp;&amp;nbsp;&amp;nbsp;&amp;nbsp;&amp;nbsp;&amp;nbsp;&amp;nbsp; &lt;/span&gt;&lt;/span&gt;&lt;!--[endif]--&gt;&lt;strong&gt;Lesser the risks:&lt;/strong&gt;&lt;/p&gt;
&lt;p class="MsoNormal" style="text-align: justify;"&gt;Well it is said that if you don&amp;rsquo;t know, better not to do. So here the concept of the outsourcing arise and can help the business to achieve the desired requirements. With the skilled virtual employees you can lessens the risks and can grow the business on its core functions.&lt;/p&gt;
&lt;p class="MsoListParagraph" style="text-align: justify; text-indent: -.25in; mso-list: l1 level1 lfo2;"&gt;&lt;!-- [if !supportLists]--&gt;&lt;span style="font-family: Symbol; mso-fareast-font-family: Symbol; mso-bidi-font-family: Symbol;"&gt;&amp;middot;&lt;span style="font-stretch: normal; font-size: 7pt; line-height: normal; font-family: 'Times New Roman';"&gt;&amp;nbsp;&amp;nbsp;&amp;nbsp;&amp;nbsp;&amp;nbsp;&amp;nbsp;&amp;nbsp;&amp;nbsp; &lt;/span&gt;&lt;/span&gt;&lt;!--[endif]--&gt;&lt;strong&gt;Efficient in the core functions:&lt;/strong&gt;&lt;/p&gt;
&lt;p class="MsoNormal" style="text-align: justify;"&gt;As the works is allotted to the outsourcing partner, this helps the internal staff to gain efficiency in the main core concepts. The more time they perform the core tasks they increase their efficiency in the core activities.&lt;/p&gt;
&lt;p class="MsoListParagraph" style="text-align: justify; text-indent: -.25in; mso-list: l1 level1 lfo2;"&gt;&lt;!-- [if !supportLists]--&gt;&lt;span style="font-family: Symbol; mso-fareast-font-family: Symbol; mso-bidi-font-family: Symbol;"&gt;&amp;middot;&lt;span style="font-stretch: normal; font-size: 7pt; line-height: normal; font-family: 'Times New Roman';"&gt;&amp;nbsp;&amp;nbsp;&amp;nbsp;&amp;nbsp;&amp;nbsp;&amp;nbsp;&amp;nbsp;&amp;nbsp; &lt;/span&gt;&lt;/span&gt;&lt;!--[endif]--&gt;&lt;strong&gt;Get your business round the clock:&lt;/strong&gt;&lt;/p&gt;
&lt;p class="MsoNormal" style="text-align: justify;"&gt;The concept of different time zone helps a lot to work round the clock. The outsourcing countries like India are in different time zone that gives the company to work even during night. Now that turns the company to work all round the clock.&lt;/p&gt;
&lt;p class="MsoListParagraph" style="text-align: justify; text-indent: -.25in; mso-list: l1 level1 lfo2;"&gt;&lt;!-- [if !supportLists]--&gt;&lt;span style="font-family: Symbol; mso-fareast-font-family: Symbol; mso-bidi-font-family: Symbol;"&gt;&amp;middot;&lt;span style="font-stretch: normal; font-size: 7pt; line-height: normal; font-family: 'Times New Roman';"&gt;&amp;nbsp;&amp;nbsp;&amp;nbsp;&amp;nbsp;&amp;nbsp;&amp;nbsp;&amp;nbsp;&amp;nbsp; &lt;/span&gt;&lt;/span&gt;&lt;!--[endif]--&gt;&lt;strong&gt;Flexible staff:&lt;/strong&gt;&lt;/p&gt;
&lt;p class="MsoNormal" style="text-align: justify;"&gt;Outsourcing considers the independent task allocations, allows the business to maintain the financial flexibility when the task is uncertain in demand. The company can scale up or down according to the demand.&lt;/p&gt;
&lt;p class="MsoListParagraph" style="text-align: justify; text-indent: -.25in; mso-list: l1 level1 lfo2;"&gt;&lt;!-- [if !supportLists]--&gt;&lt;span style="font-family: Symbol; mso-fareast-font-family: Symbol; mso-bidi-font-family: Symbol;"&gt;&amp;middot;&lt;span style="font-stretch: normal; font-size: 7pt; line-height: normal; font-family: 'Times New Roman';"&gt;&amp;nbsp;&amp;nbsp;&amp;nbsp;&amp;nbsp;&amp;nbsp;&amp;nbsp;&amp;nbsp;&amp;nbsp; &lt;/span&gt;&lt;/span&gt;&lt;!--[endif]--&gt;&lt;strong&gt;Improve the service quality:&lt;/strong&gt;&lt;/p&gt;
&lt;p class="MsoNormal" style="text-align: justify;"&gt;With the best outsourcing partner, their skills and unmatched quality the company can get the better level of services. The better quality of service leads to the customer satisfaction. The customer satisfaction is main to expand the business terms.&lt;/p&gt;
&lt;p class="MsoListParagraph" style="text-align: justify; text-indent: -.25in; mso-list: l1 level1 lfo2;"&gt;&lt;!-- [if !supportLists]--&gt;&lt;span style="font-family: Symbol; mso-fareast-font-family: Symbol; mso-bidi-font-family: Symbol;"&gt;&amp;middot;&lt;span style="font-stretch: normal; font-size: 7pt; line-height: normal; font-family: 'Times New Roman';"&gt;&amp;nbsp;&amp;nbsp;&amp;nbsp;&amp;nbsp;&amp;nbsp;&amp;nbsp;&amp;nbsp;&amp;nbsp; &lt;/span&gt;&lt;/span&gt;&lt;!--[endif]--&gt;&lt;strong&gt;Time and money savings:&lt;/strong&gt;&lt;/p&gt;
&lt;p class="MsoNormal" style="text-align: justify;"&gt;With the help of the outsourcing partner, you can concentrate on your core functions that help the business to save the time on other supporting functions. The company can save a lot in the financial terms as the cost for the outsourcing is much lesser than expectations. As we know that when time and money are saved, the chances of business expansion increases.&lt;/p&gt;
&lt;p class="MsoListParagraph" style="text-align: justify; text-indent: -.25in; mso-list: l1 level1 lfo2;"&gt;&lt;!-- [if !supportLists]--&gt;&lt;span style="font-family: Symbol; mso-fareast-font-family: Symbol; mso-bidi-font-family: Symbol;"&gt;&amp;middot;&lt;span style="font-stretch: normal; font-size: 7pt; line-height: normal; font-family: 'Times New Roman';"&gt;&amp;nbsp;&amp;nbsp;&amp;nbsp;&amp;nbsp;&amp;nbsp;&amp;nbsp;&amp;nbsp;&amp;nbsp; &lt;/span&gt;&lt;/span&gt;&lt;!--[endif]--&gt;&lt;strong&gt;Compete with the real competitors:&lt;/strong&gt;&lt;/p&gt;
&lt;p class="MsoNormal" style="text-align: justify;"&gt;The main benefit of implementing the outsourcing is that the company can compete to the rival company with the best options. The perfect strategy can help a lot a business to grow in this competitive market.&lt;/p&gt;
&lt;p class="MsoListParagraph" style="text-align: justify; text-indent: -.25in; mso-list: l1 level1 lfo2;"&gt;&lt;!-- [if !supportLists]--&gt;&lt;span style="font-family: Symbol; mso-fareast-font-family: Symbol; mso-bidi-font-family: Symbol;"&gt;&amp;middot;&lt;span style="font-stretch: normal; font-size: 7pt; line-height: normal; font-family: 'Times New Roman';"&gt;&amp;nbsp;&amp;nbsp;&amp;nbsp;&amp;nbsp;&amp;nbsp;&amp;nbsp;&amp;nbsp;&amp;nbsp; &lt;/span&gt;&lt;/span&gt;&lt;!--[endif]--&gt;&lt;strong&gt;Overall business growth:&lt;/strong&gt;&lt;/p&gt;
&lt;p class="MsoNormal" style="text-align: justify;"&gt;As the business have adapted the concept of outsourcing, it can be seen that there is increase in the productivity, customer satisfaction, level in the quality, business standards and the profit.&lt;/p&gt;</description>
      <link>https://theonetechnologies.com/blog/post/partner-program-and-advantage-to-be-our-partner</link>
      <author>info@theonetechnologies.com</author>
      <comments>https://theonetechnologies.com/blog/post/partner-program-and-advantage-to-be-our-partner#comment</comments>
      <guid>https://theonetechnologies.com/blog/post.aspx?id=f468ca4e-5abb-4a09-9dd9-a8f1155ebee3</guid>
      <pubDate>Sat, 12 Sep 2015 04:39:00 +0000</pubDate>
      <category>Small Business</category>
      <category>Software Outsourcing</category>
      <category>Web Design</category>
      <dc:publisher>Admin</dc:publisher>
      <pingback:server>https://theonetechnologies.com/blog/pingback.axd</pingback:server>
      <pingback:target>https://theonetechnologies.com/blog/post.aspx?id=f468ca4e-5abb-4a09-9dd9-a8f1155ebee3</pingback:target>
      <slash:comments>0</slash:comments>
      <trackback:ping>https://theonetechnologies.com/blog/trackback.axd?id=f468ca4e-5abb-4a09-9dd9-a8f1155ebee3</trackback:ping>
      <wfw:comment>https://theonetechnologies.com/blog/post/partner-program-and-advantage-to-be-our-partner#comment</wfw:comment>
      <wfw:commentRss>https://theonetechnologies.com/blog/syndication.axd?post=f468ca4e-5abb-4a09-9dd9-a8f1155ebee3</wfw:commentRss>
    </item>
    <item>
      <title>PHP development India by The One Technologies</title>
      <description>&lt;p&gt;PHP language is considered one of the most popular &amp;amp; most widely accepted open source web development technology. PHP is adopted among web developers because it is easy to read and understand. PHP development is gaining ground in the technology market. PHP Web development is considered to offer the most efficient solution when in combination with LINUX, MySQL and Apache. This combination is better known as the LAMP technologies.&lt;/p&gt;
&lt;p&gt;Few of various benefits of PHP development technologies are :&lt;/p&gt;
&lt;ul&gt;
&lt;li&gt;Freely available - PHP is open source and is developed and updated by a community of developers from around the globe. Therefore, all its components are free to use and distribute. No hassles of license purchase or acquisition.&lt;/li&gt;
&lt;li&gt;Platform Independent - It can be run on all major operating systems like Linux, UNIX, Mac OS and Windows. Cost Effective Hosting and Free upgrades.&lt;/li&gt;
&lt;li&gt;Supports All Major Web Servers - Cost Effective Hosting and Free upgrades&lt;/li&gt;
&lt;li&gt;Highly Secure and Reliable - It has multiple layers of security to prevent threats and malicious attacks.&lt;/li&gt;
&lt;li&gt;Faster Developments - It uses its own memory space and thus decreases the loading time and workload from the server. The processing speed is fast and web applications like Ecommerce, CRM, CMS and Forums are also developed faster by it.&lt;/li&gt;
&lt;/ul&gt;
&lt;p&gt;With PHP becoming a huge open market, the language will only continue to grow and develop. Because of its ease of use, high compatibility, wide accessibility, and cost efficiency, it&amp;rsquo;s no wonder PHP is the most popular server-side scripting language.&lt;/p&gt;</description>
      <link>https://theonetechnologies.com/blog/post/PHP-development-India-by-The-One-Technologies</link>
      <author>info@theonetechnologies.com</author>
      <comments>https://theonetechnologies.com/blog/post/PHP-development-India-by-The-One-Technologies#comment</comments>
      <guid>https://theonetechnologies.com/blog/post.aspx?id=d6c71105-5f2d-4da4-8e55-c0c71202cd51</guid>
      <pubDate>Sat, 12 Sep 2015 04:39:00 +0000</pubDate>
      <category>MySQL</category>
      <category>Open Source</category>
      <category>PHP</category>
      <category>Small Business</category>
      <category>Software Outsourcing</category>
      <category>Web Design</category>
      <dc:publisher>Admin</dc:publisher>
      <pingback:server>https://theonetechnologies.com/blog/pingback.axd</pingback:server>
      <pingback:target>https://theonetechnologies.com/blog/post.aspx?id=d6c71105-5f2d-4da4-8e55-c0c71202cd51</pingback:target>
      <slash:comments>0</slash:comments>
      <trackback:ping>https://theonetechnologies.com/blog/trackback.axd?id=d6c71105-5f2d-4da4-8e55-c0c71202cd51</trackback:ping>
      <wfw:comment>https://theonetechnologies.com/blog/post/PHP-development-India-by-The-One-Technologies#comment</wfw:comment>
      <wfw:commentRss>https://theonetechnologies.com/blog/syndication.axd?post=d6c71105-5f2d-4da4-8e55-c0c71202cd51</wfw:commentRss>
    </item>
    <item>
      <title>What does it take to build a Brilliant Responsive Website?</title>
      <description>&lt;p&gt;The One Technologies is one of the earliest Website Development Company from India that started making .Net, PHP, Java, WordPress, Joomla, Magento, MVC, DotNetNuke and Etc. Websites. We have always provided best in class service in Website Development outsourcing services till date. When you choose The One Technologies, you are partnering with most cost-effective team that has been designing and developing feature-rich Websites for years.&lt;/p&gt;
&lt;p&gt;The One Technologies hires the most intelligent, proficient and tech-savvy Website developers. Our developers have in-depth knowledge of major platforms or frameworks used for Website development. With a team of over 50+ dedicated developers, designers, and creative engineers, we can provide on-demand capacity to help you meet challenges, tight deadlines and promises to the marketplace.&lt;/p&gt;
&lt;p&gt;Being a Website development company, we are expert in development of enterprise, e-commerce, educational, Industrial, Web based Applications Etc. Our Web developers have experience of developing critical, data and performance intensive website using cloud web services like AWS (Amazon Web Services), iCloud, Rackspace, Azure, Dropbox, Amazon S3, and Content Delivery Networks etc.&lt;/p&gt;
&lt;p&gt;So your search for best Website Development Company ends here! Choose your platform and hire our expert team of Web developer, designer, creative engineer and get your work done. To get in touch with us drop an inquiry.&lt;/p&gt;
&lt;p&gt;The One Technologies provides 100% Customer Satisfaction and believe in building long term business relationship to help achieve your business goals.&lt;/p&gt;
&lt;p&gt;Make inquiry at marketing@theonetechnologies.com&lt;/p&gt;</description>
      <link>https://theonetechnologies.com/blog/post/what-does-it-take-to-build-a-brilliant-website-or-web-application</link>
      <author>info@theonetechnologies.com</author>
      <comments>https://theonetechnologies.com/blog/post/what-does-it-take-to-build-a-brilliant-website-or-web-application#comment</comments>
      <guid>https://theonetechnologies.com/blog/post.aspx?id=64d94ad6-2daa-4948-baad-caf0339b60a4</guid>
      <pubDate>Wed, 8 Jul 2015 07:37:00 +0000</pubDate>
      <category>Small Business</category>
      <category>Web Design</category>
      <betag:tag>Software Outsourcing</betag:tag>
      <betag:tag>Web Design</betag:tag>
      <betag:tag>Website</betag:tag>
      <dc:publisher>Admin</dc:publisher>
      <pingback:server>https://theonetechnologies.com/blog/pingback.axd</pingback:server>
      <pingback:target>https://theonetechnologies.com/blog/post.aspx?id=64d94ad6-2daa-4948-baad-caf0339b60a4</pingback:target>
      <slash:comments>0</slash:comments>
      <trackback:ping>https://theonetechnologies.com/blog/trackback.axd?id=64d94ad6-2daa-4948-baad-caf0339b60a4</trackback:ping>
      <wfw:comment>https://theonetechnologies.com/blog/post/what-does-it-take-to-build-a-brilliant-website-or-web-application#comment</wfw:comment>
      <wfw:commentRss>https://theonetechnologies.com/blog/syndication.axd?post=64d94ad6-2daa-4948-baad-caf0339b60a4</wfw:commentRss>
    </item>
  </channel>
</rss>