﻿<?xml version="1.0" encoding="utf-8"?>
<rss version="2.0" xmlns:blogChannel="http://backend.userland.com/blogChannelModule" xmlns:dc="http://purl.org/dc/elements/1.1/" xmlns:pingback="http://madskills.com/public/xml/rss/module/pingback/" xmlns:trackback="http://madskills.com/public/xml/rss/module/trackback/" xmlns:wfw="http://wellformedweb.org/CommentAPI/" xmlns:slash="http://purl.org/rss/1.0/modules/slash/" xmlns:geo="http://www.w3.org/2003/01/geo/wgs84_pos#" xmlns:betag="http://dotnetblogengine.net/schemas/tags">
  <channel>
    <title>The One Technologies - iOS</title>
    <description>ASP.NET, IIS, Web Development Outsourcing</description>
    <link>https://theonetechnologies.com/blog/</link>
    <docs>http://www.rssboard.org/rss-specification</docs>
    <generator>BlogEngine.NET 3.3.0.1</generator>
    <language>en-US</language>
    <blogChannel:blogRoll>https://theonetechnologies.com/blog/opml.axd</blogChannel:blogRoll>
    <dc:creator>The One Technologies</dc:creator>
    <dc:title>The One Technologies</dc:title>
    <geo:lat>0.000000</geo:lat>
    <geo:long>0.000000</geo:long>
    <item>
      <title>iOS - iPhone, iPad native app development using Swift2</title>
      <description>&lt;p class="MsoNormal"&gt;At The One Technologies India Outsourcing company we works with iOS native application development using Swift2. It is a modern programming language that is fast, safe and interactive. Swift is a powered programming tool that is used to develop applications for iOS (iPhone, iPad), OS X, and watchOS. Using swift one can create codes easily as it has many feature that have fun and it is interactive, the syntax is short and expressive. With the use of Swift one can run apps lightning fast speed as it works side-by-side with Objective-C.&lt;/p&gt;
&lt;p class="MsoNormal"&gt;Following are few features of iOS development with Swift:&lt;/p&gt;
&lt;p class="MsoNormal"&gt;&lt;strong&gt;&lt;u&gt;Error handling model:&lt;/u&gt;&lt;/strong&gt;&lt;/p&gt;
&lt;p class="MsoNormal"&gt;Swift provide an advance error handling model that is clear, expressive syntax of exceptional handling. Developers can create their own custom error names so that it can describe clear error cases.&lt;/p&gt;
&lt;p class="MsoNormal"&gt;&lt;strong&gt;&lt;u&gt;Syntax Improvements:&lt;/u&gt;&lt;/strong&gt;&lt;/p&gt;
&lt;p class="MsoNormal"&gt;Now using Swift you can create more expressive codes as it has improved a lot across the language. The SDK has employed new Objective-C features such as generics and nullability annotation to keep the codes clean and safe.&lt;/p&gt;
&lt;p class="MsoNormal"&gt;&lt;strong&gt;&lt;u&gt;Open Source:&lt;/u&gt;&lt;/strong&gt;&lt;/p&gt;
&lt;p class="MsoNormal"&gt;Later this year Swift will be termed as open source. It is a unique combination of power, elegance and safety that has ability to move entire software industry forward.&lt;/p&gt;
&lt;p class="MsoNormal"&gt;&lt;strong&gt;&lt;u&gt;Modern:&lt;/u&gt;&lt;/strong&gt;&lt;/p&gt;
&lt;p class="MsoNormal"&gt;Consider it to be the latest research of programming language, combined with a vast experience of developing Apple platforms. Named parameters brought forward from Objective-C are expressed in a clean syntax that makes APIs in Swift even easier to read and maintain.&lt;/p&gt;
&lt;p class="MsoNormal"&gt;&lt;u&gt;&lt;strong&gt;Interactive playgrounds:&lt;/strong&gt;&lt;/u&gt;&lt;/p&gt;
&lt;p class="MsoNormal"&gt;Using playgrounds one can write swift codes with incredibly simple and fun. Results are appeared immediately as you type the codes. The result view can display graphics, lists of results, or graphs of a value over time. You can open the Timeline Assistant to watch a complex view evolve and animate, great for experimenting with new UI code, or to play an animated SpriteKit scene as you code it.&lt;/p&gt;
&lt;p class="MsoNormal"&gt;&lt;strong&gt;&lt;u&gt;Designed for Safety:&lt;/u&gt;&lt;/strong&gt;&lt;/p&gt;
&lt;p class="MsoNormal"&gt;It eliminates the entire class of unsafe code. Variables are always initialized before use, arrays and integers are checked for overflow, and memory is managed automatically.&lt;/p&gt;
&lt;p class="MsoNormal"&gt;&lt;strong&gt;&lt;u&gt;Fast and powerful:&lt;/u&gt;&lt;/strong&gt;&lt;/p&gt;
&lt;p class="MsoNormal"&gt;Swift is a fast compiling and executable programming language. It use high performance LLVM compiler, Swift code is transformed into optimized native code that gets the most out of modern hardware.&lt;/p&gt;</description>
      <link>https://theonetechnologies.com/blog/post/native-development-of-ios-using-swift2</link>
      <author>info@theonetechnologies.com</author>
      <comments>https://theonetechnologies.com/blog/post/native-development-of-ios-using-swift2#comment</comments>
      <guid>https://theonetechnologies.com/blog/post.aspx?id=7846845c-2ed0-4c39-b03f-7f54c2c7a273</guid>
      <pubDate>Fri, 11 Sep 2015 17:09:00 +0000</pubDate>
      <category>iOS</category>
      <category>Small Business</category>
      <category>Software Outsourcing</category>
      <dc:publisher>Admin</dc:publisher>
      <pingback:server>https://theonetechnologies.com/blog/pingback.axd</pingback:server>
      <pingback:target>https://theonetechnologies.com/blog/post.aspx?id=7846845c-2ed0-4c39-b03f-7f54c2c7a273</pingback:target>
      <slash:comments>2</slash:comments>
      <trackback:ping>https://theonetechnologies.com/blog/trackback.axd?id=7846845c-2ed0-4c39-b03f-7f54c2c7a273</trackback:ping>
      <wfw:comment>https://theonetechnologies.com/blog/post/native-development-of-ios-using-swift2#comment</wfw:comment>
      <wfw:commentRss>https://theonetechnologies.com/blog/syndication.axd?post=7846845c-2ed0-4c39-b03f-7f54c2c7a273</wfw:commentRss>
    </item>
    <item>
      <title>How Much Does it Cost to build a Killer Mobile App?</title>
      <description>&lt;p style="margin: 0in 0in 0.0001pt; text-align: justify; background-image: initial; background-attachment: initial; background-size: initial; background-origin: initial; background-clip: initial; background-position: initial; background-repeat: initial;"&gt;&lt;span style="font-family: 'Calibri','sans-serif'; mso-ascii-theme-font: minor-latin; mso-hansi-theme-font: minor-latin; mso-bidi-theme-font: minor-latin; color: #777777;"&gt;The One Technologies is fast growing mobile App Development Company based in Ahmedabad, Gujarat, India &amp;ndash; Contact at: www.theonetechnologies.com&amp;nbsp;to hire our developers as per your requirement or you can make inquiry at marketing@theonetechnologies.com&lt;/span&gt;&lt;/p&gt;
&lt;p class="MsoNormal" style="margin-bottom: .0001pt; text-align: justify; line-height: normal;"&gt;&lt;span style="font-size: 12.0pt; mso-bidi-font-family: Calibri; mso-bidi-theme-font: minor-latin;"&gt;&amp;nbsp;&lt;/span&gt;&lt;/p&gt;
&lt;p style="margin: 0in 0in 0.0001pt; text-align: justify; background-image: initial; background-attachment: initial; background-size: initial; background-origin: initial; background-clip: initial; background-position: initial; background-repeat: initial;"&gt;&lt;span style="font-family: 'Calibri','sans-serif'; mso-ascii-theme-font: minor-latin; mso-hansi-theme-font: minor-latin; mso-bidi-theme-font: minor-latin; color: #666666;"&gt;The One Technologies is one of the earliest Mobile Application Development Company from India that started making Android, Windows and iOS Apps. We have always provided best in class service in Mobile App Development outsourcing services till date. When you choose The One Technologies, you are partnering with most cost-effective team that has been designing and developing feature-rich mobile Apps for years.&lt;/span&gt;&lt;/p&gt;
&lt;p style="margin: 0in 0in 0.0001pt; text-align: justify; background-image: initial; background-attachment: initial; background-size: initial; background-origin: initial; background-clip: initial; background-position: initial; background-repeat: initial;"&gt;&amp;nbsp;&lt;/p&gt;
&lt;p style="margin: 0in 0in 0.0001pt; text-align: justify; background-image: initial; background-attachment: initial; background-size: initial; background-origin: initial; background-clip: initial; background-position: initial; background-repeat: initial;"&gt;&lt;span style="font-family: 'Calibri','sans-serif'; mso-ascii-theme-font: minor-latin; mso-hansi-theme-font: minor-latin; mso-bidi-theme-font: minor-latin; color: #666666;"&gt;The One Technologies hires the most intelligent, proficient and tech-savvy mobile apps developers. Our developers have in-depth knowledge of major platforms or frameworks used for mobile app development. With a team of over 100 dedicated developers, designers, and creative engineers, we can provide on-demand capacity to help you meet challenges, tight deadlines and promises to the marketplace.&lt;/span&gt;&lt;/p&gt;
&lt;p style="margin: 0in 0in 0.0001pt; text-align: justify; background-image: initial; background-attachment: initial; background-size: initial; background-origin: initial; background-clip: initial; background-position: initial; background-repeat: initial;"&gt;&amp;nbsp;&lt;/p&gt;
&lt;p style="margin: 0in 0in 0.0001pt; text-align: justify; background-image: initial; background-attachment: initial; background-size: initial; background-origin: initial; background-clip: initial; background-position: initial; background-repeat: initial;"&gt;&lt;span style="font-family: 'Calibri','sans-serif'; mso-ascii-theme-font: minor-latin; mso-hansi-theme-font: minor-latin; mso-bidi-theme-font: minor-latin; color: #666666;"&gt;Being a mobile application development company, we are expert in development of enterprise, e-commerce, educational and utility mobile apps. Our mobile app developers have experience of developing critical, data and performance intensive apps using cloud web services like AWS (Amazon Web Services), iCloud, Rackspace, Azure, Dropbox, Amazon S3, and Content Delivery Networks etc.&lt;/span&gt;&lt;/p&gt;
&lt;p style="margin: 0in 0in 0.0001pt; text-align: justify; background-image: initial; background-attachment: initial; background-size: initial; background-origin: initial; background-clip: initial; background-position: initial; background-repeat: initial;"&gt;&lt;span style="font-family: 'Calibri','sans-serif'; mso-ascii-theme-font: minor-latin; mso-hansi-theme-font: minor-latin; mso-bidi-theme-font: minor-latin; color: #666666;"&gt;&amp;nbsp;&lt;/span&gt;&lt;/p&gt;
&lt;p style="margin: 0in 0in 0.0001pt; text-align: justify; background-image: initial; background-attachment: initial; background-size: initial; background-origin: initial; background-clip: initial; background-position: initial; background-repeat: initial;"&gt;&lt;span style="font-family: 'Calibri','sans-serif'; mso-ascii-theme-font: minor-latin; mso-hansi-theme-font: minor-latin; mso-bidi-theme-font: minor-latin; color: #666666;"&gt;So your search for best mobile application development company for iOS, Android and Windows ends here! Choose your platform and hire our expert team of mobile developer, designer, creative engineer and get your work done. To get in touch with us drop an inquiry.&lt;/span&gt;&lt;/p&gt;
&lt;p style="margin: 0in 0in 0.0001pt; text-align: justify; background-image: initial; background-attachment: initial; background-size: initial; background-origin: initial; background-clip: initial; background-position: initial; background-repeat: initial;"&gt;&lt;span style="font-family: 'Calibri','sans-serif'; mso-ascii-theme-font: minor-latin; mso-hansi-theme-font: minor-latin; mso-bidi-theme-font: minor-latin; color: #666666;"&gt;The One Technologies provides 100% Customer Satisfaction and believe in building long term business relationship to help achieve your business goals.&lt;/span&gt;&lt;/p&gt;
&lt;p style="margin: 0in 0in 0.0001pt; text-align: justify; background-image: initial; background-attachment: initial; background-size: initial; background-origin: initial; background-clip: initial; background-position: initial; background-repeat: initial;"&gt;&lt;span style="font-family: 'Calibri','sans-serif'; mso-ascii-theme-font: minor-latin; mso-hansi-theme-font: minor-latin; mso-bidi-theme-font: minor-latin; color: #666666;"&gt;&amp;nbsp;&lt;/span&gt;&lt;/p&gt;
&lt;p style="margin: 0in 0in 0.0001pt; text-align: justify; background-image: initial; background-attachment: initial; background-size: initial; background-origin: initial; background-clip: initial; background-position: initial; background-repeat: initial;"&gt;&lt;span style="font-family: 'Calibri','sans-serif'; mso-ascii-theme-font: minor-latin; mso-hansi-theme-font: minor-latin; mso-bidi-theme-font: minor-latin; color: #777777;"&gt;Make inquiry at marketing@theonetechnologies.com&lt;/span&gt;&lt;/p&gt;</description>
      <link>https://theonetechnologies.com/blog/post/how-much-does-it-cost-to-build-a-killer-mobile-app</link>
      <author>info@theonetechnologies.com</author>
      <comments>https://theonetechnologies.com/blog/post/how-much-does-it-cost-to-build-a-killer-mobile-app#comment</comments>
      <guid>https://theonetechnologies.com/blog/post.aspx?id=b1fe7195-ac43-4bd1-890e-a846afd4ccdf</guid>
      <pubDate>Tue, 7 Jul 2015 19:07:00 +0000</pubDate>
      <category>iOS</category>
      <category>Small Business</category>
      <category>Software Outsourcing</category>
      <dc:publisher>Admin</dc:publisher>
      <pingback:server>https://theonetechnologies.com/blog/pingback.axd</pingback:server>
      <pingback:target>https://theonetechnologies.com/blog/post.aspx?id=b1fe7195-ac43-4bd1-890e-a846afd4ccdf</pingback:target>
      <slash:comments>0</slash:comments>
      <trackback:ping>https://theonetechnologies.com/blog/trackback.axd?id=b1fe7195-ac43-4bd1-890e-a846afd4ccdf</trackback:ping>
      <wfw:comment>https://theonetechnologies.com/blog/post/how-much-does-it-cost-to-build-a-killer-mobile-app#comment</wfw:comment>
      <wfw:commentRss>https://theonetechnologies.com/blog/syndication.axd?post=b1fe7195-ac43-4bd1-890e-a846afd4ccdf</wfw:commentRss>
    </item>
  </channel>
</rss>