﻿<?xml version="1.0" encoding="utf-8"?>
<rss version="2.0" xmlns:blogChannel="http://backend.userland.com/blogChannelModule" xmlns:dc="http://purl.org/dc/elements/1.1/" xmlns:pingback="http://madskills.com/public/xml/rss/module/pingback/" xmlns:trackback="http://madskills.com/public/xml/rss/module/trackback/" xmlns:wfw="http://wellformedweb.org/CommentAPI/" xmlns:slash="http://purl.org/rss/1.0/modules/slash/" xmlns:geo="http://www.w3.org/2003/01/geo/wgs84_pos#" xmlns:betag="http://dotnetblogengine.net/schemas/tags">
  <channel>
    <title>The One Technologies - Google API</title>
    <description>ASP.NET, IIS, Web Development Outsourcing</description>
    <link>https://theonetechnologies.com/blog/</link>
    <docs>http://www.rssboard.org/rss-specification</docs>
    <generator>BlogEngine.NET 3.3.0.1</generator>
    <language>en-US</language>
    <blogChannel:blogRoll>https://theonetechnologies.com/blog/opml.axd</blogChannel:blogRoll>
    <dc:creator>The One Technologies</dc:creator>
    <dc:title>The One Technologies</dc:title>
    <geo:lat>0.000000</geo:lat>
    <geo:long>0.000000</geo:long>
    <item>
      <title>Outsourcing</title>
      <description>&lt;p class="MsoNormal" style="text-align: justify;"&gt;Outsourcing can be consider as not just&amp;nbsp; idea but now a days it&amp;rsquo;s a concept for rapid growth. The term of outsourcing has been discovered years ago, but it came in lime light just a decade ago.&lt;/p&gt;
&lt;p class="MsoNormal" style="text-align: justify;"&gt;Outsourcing generally means taking the help from the third person and appraising him by providing the monitorial funds for the same activity. This activity can be considered as the contract that cab be initiated and can be terminated as per the needs.&lt;/p&gt;
&lt;p class="MsoNormal" style="text-align: justify;"&gt;The concept of outsourcing can be implemented when the firm wants to expand its business aspects as well as to get the better options for the business requirements. Now a day the outsourcing is implemented just to complete the requirements at a competitive cost with best expert skills.&lt;/p&gt;
&lt;p class="MsoNormal" style="text-align: justify;"&gt;The outsourcing can reduce the currents costs as well as it can help the company to expand its idea at a great level. The concept of virtual staffing, increase in efficiency, reduce in turnaround time leads the company to achieve the high level of profit earning.&lt;/p&gt;
&lt;p class="MsoNormal" style="text-align: justify;"&gt;Like many other business, there should be a proper planning and research for choosing the best outsourcing partner. Using the outsourcing, the business can concentrate on its core activities and can achieve the desired goal in the same. So to concept of the off-focusing towards the main goal does not rise.&lt;/p&gt;
&lt;p class="MsoNormal" style="text-align: justify;"&gt;&lt;span style="font-family: Wingdings; mso-fareast-font-family: Wingdings; mso-bidi-font-family: Wingdings;"&gt;&lt;span style="font-stretch: normal; font-size: 7pt; line-height: normal; font-family: 'Times New Roman';"&gt;&amp;nbsp;&lt;/span&gt;&lt;/span&gt;&lt;!--[endif]--&gt;&lt;strong&gt;&lt;u&gt;The main benefits of having the outsourcing partner are given below:&lt;/u&gt;&lt;/strong&gt;&lt;/p&gt;
&lt;p class="MsoListParagraphCxSpLast" style="text-align: justify; text-indent: -.25in; mso-list: l1 level1 lfo2;"&gt;&lt;!-- [if !supportLists]--&gt;&lt;span style="font-family: Symbol; mso-fareast-font-family: Symbol; mso-bidi-font-family: Symbol;"&gt;&amp;middot;&lt;span style="font-stretch: normal; font-size: 7pt; line-height: normal; font-family: 'Times New Roman';"&gt;&amp;nbsp;&amp;nbsp;&amp;nbsp;&amp;nbsp;&amp;nbsp;&amp;nbsp;&amp;nbsp;&amp;nbsp; &lt;/span&gt;&lt;/span&gt;&lt;!--[endif]--&gt;&lt;strong&gt;Explore the world of the expertise:&lt;/strong&gt;&lt;/p&gt;
&lt;p class="MsoNormal" style="text-align: justify;"&gt;This can be considered as the main reason of choosing the outsourcing. The business can get the best of the skills from the market without wasting the time in training. While the process of the recruitment can be considered as tedious and time consuming. Outsourcing can help the business to focus on its core functions. Assigning the work to a expert that have best skills for the assigned task can help the business to achieve the desired goals.&lt;/p&gt;
&lt;p class="MsoListParagraph" style="text-align: justify; text-indent: -.25in; mso-list: l1 level1 lfo2;"&gt;&lt;!-- [if !supportLists]--&gt;&lt;span style="font-family: Symbol; mso-fareast-font-family: Symbol; mso-bidi-font-family: Symbol;"&gt;&amp;middot;&lt;span style="font-stretch: normal; font-size: 7pt; line-height: normal; font-family: 'Times New Roman';"&gt;&amp;nbsp;&amp;nbsp;&amp;nbsp;&amp;nbsp;&amp;nbsp;&amp;nbsp;&amp;nbsp;&amp;nbsp; &lt;/span&gt;&lt;/span&gt;&lt;!--[endif]--&gt;&lt;strong&gt;Focus on what you are expert:&lt;/strong&gt;&lt;/p&gt;
&lt;p class="MsoNormal" style="text-align: justify;"&gt;Basically the concept of outsourcing means assigning the work to the third party. That helps the business unit to concentrate on its main core activities. While the third party was concentrating on its assigned tasks. The work load in the business environment also reduces with the help of the outsourcing.&lt;/p&gt;
&lt;p class="MsoListParagraph" style="text-align: justify; text-indent: -.25in; mso-list: l1 level1 lfo2;"&gt;&lt;!-- [if !supportLists]--&gt;&lt;span style="font-family: Symbol; mso-fareast-font-family: Symbol; mso-bidi-font-family: Symbol;"&gt;&amp;middot;&lt;span style="font-stretch: normal; font-size: 7pt; line-height: normal; font-family: 'Times New Roman';"&gt;&amp;nbsp;&amp;nbsp;&amp;nbsp;&amp;nbsp;&amp;nbsp;&amp;nbsp;&amp;nbsp;&amp;nbsp; &lt;/span&gt;&lt;/span&gt;&lt;!--[endif]--&gt;&lt;strong&gt;Lesser the risks:&lt;/strong&gt;&lt;/p&gt;
&lt;p class="MsoNormal" style="text-align: justify;"&gt;Well it is said that if you don&amp;rsquo;t know, better not to do. So here the concept of the outsourcing arise and can help the business to achieve the desired requirements. With the skilled virtual employees you can lessens the risks and can grow the business on its core functions.&lt;/p&gt;
&lt;p class="MsoListParagraph" style="text-align: justify; text-indent: -.25in; mso-list: l1 level1 lfo2;"&gt;&lt;!-- [if !supportLists]--&gt;&lt;span style="font-family: Symbol; mso-fareast-font-family: Symbol; mso-bidi-font-family: Symbol;"&gt;&amp;middot;&lt;span style="font-stretch: normal; font-size: 7pt; line-height: normal; font-family: 'Times New Roman';"&gt;&amp;nbsp;&amp;nbsp;&amp;nbsp;&amp;nbsp;&amp;nbsp;&amp;nbsp;&amp;nbsp;&amp;nbsp; &lt;/span&gt;&lt;/span&gt;&lt;!--[endif]--&gt;&lt;strong&gt;Efficient in the core functions:&lt;/strong&gt;&lt;/p&gt;
&lt;p class="MsoNormal" style="text-align: justify;"&gt;As the works is allotted to the outsourcing partner, this helps the internal staff to gain efficiency in the main core concepts. The more time they perform the core tasks they increase their efficiency in the core activities.&lt;/p&gt;
&lt;p class="MsoNormal" style="text-align: justify;"&gt;&lt;strong&gt;Get your business round the clock:&lt;/strong&gt;&lt;/p&gt;
&lt;p class="MsoNormal" style="text-align: justify;"&gt;The concept of different time zone helps a lot to work round the clock. The outsourcing countries like India are in different time zone that gives the company to work even during night. Now that turns the company to work all round the clock.&lt;/p&gt;
&lt;p class="MsoListParagraph" style="text-align: justify; text-indent: -.25in; mso-list: l1 level1 lfo2;"&gt;&lt;!-- [if !supportLists]--&gt;&lt;span style="font-family: Symbol; mso-fareast-font-family: Symbol; mso-bidi-font-family: Symbol;"&gt;&amp;middot;&lt;span style="font-stretch: normal; font-size: 7pt; line-height: normal; font-family: 'Times New Roman';"&gt;&amp;nbsp;&amp;nbsp;&amp;nbsp;&amp;nbsp;&amp;nbsp;&amp;nbsp;&amp;nbsp;&amp;nbsp; &lt;/span&gt;&lt;/span&gt;&lt;!--[endif]--&gt;&lt;strong&gt;Flexible staff:&lt;/strong&gt;&lt;/p&gt;
&lt;p class="MsoNormal" style="text-align: justify;"&gt;Outsourcing considers the independent task allocations, allows the business to maintain the financial flexibility when the task is uncertain in demand. The company can scale up or down according to the demand.&lt;/p&gt;
&lt;p class="MsoListParagraph" style="text-align: justify; text-indent: -.25in; mso-list: l1 level1 lfo2;"&gt;&lt;!-- [if !supportLists]--&gt;&lt;span style="font-family: Symbol; mso-fareast-font-family: Symbol; mso-bidi-font-family: Symbol;"&gt;&amp;middot;&lt;span style="font-stretch: normal; font-size: 7pt; line-height: normal; font-family: 'Times New Roman';"&gt;&amp;nbsp;&amp;nbsp;&amp;nbsp;&amp;nbsp;&amp;nbsp;&amp;nbsp;&amp;nbsp;&amp;nbsp; &lt;/span&gt;&lt;/span&gt;&lt;!--[endif]--&gt;&lt;strong&gt;Improve the service quality:&lt;/strong&gt;&lt;/p&gt;
&lt;p class="MsoNormal" style="text-align: justify;"&gt;With the best outsourcing partner, their skills and unmatched quality the company can get the better level of services. The better quality of service leads to the customer satisfaction. The customer satisfaction is main to expand the business terms.&lt;/p&gt;
&lt;p class="MsoListParagraph" style="text-align: justify; text-indent: -.25in; mso-list: l1 level1 lfo2;"&gt;&lt;!-- [if !supportLists]--&gt;&lt;span style="font-family: Symbol; mso-fareast-font-family: Symbol; mso-bidi-font-family: Symbol;"&gt;&amp;middot;&lt;span style="font-stretch: normal; font-size: 7pt; line-height: normal; font-family: 'Times New Roman';"&gt;&amp;nbsp;&amp;nbsp;&amp;nbsp;&amp;nbsp;&amp;nbsp;&amp;nbsp;&amp;nbsp;&amp;nbsp; &lt;/span&gt;&lt;/span&gt;&lt;!--[endif]--&gt;&lt;strong&gt;Time and money savings:&lt;/strong&gt;&lt;/p&gt;
&lt;p class="MsoNormal" style="text-align: justify;"&gt;With the help of the outsourcing partner, you can concentrate on your core functions that help the business to save the time on other supporting functions. The company can save a lot in the financial terms as the cost for the outsourcing is much lesser than expectations. As we know that when time and money are saved, the chances of business expansion increases.&lt;/p&gt;
&lt;p class="MsoListParagraph" style="text-align: justify; text-indent: -.25in; mso-list: l1 level1 lfo2;"&gt;&lt;!-- [if !supportLists]--&gt;&lt;span style="font-family: Symbol; mso-fareast-font-family: Symbol; mso-bidi-font-family: Symbol;"&gt;&amp;middot;&lt;span style="font-stretch: normal; font-size: 7pt; line-height: normal; font-family: 'Times New Roman';"&gt;&amp;nbsp;&amp;nbsp;&amp;nbsp;&amp;nbsp;&amp;nbsp;&amp;nbsp;&amp;nbsp;&amp;nbsp; &lt;/span&gt;&lt;/span&gt;&lt;!--[endif]--&gt;&lt;strong&gt;Compete with the real competitors:&lt;/strong&gt;&lt;/p&gt;
&lt;p class="MsoNormal" style="text-align: justify;"&gt;The main benefit of implementing the outsourcing is that the company can compete to the rival company with the best options. The perfect strategy can help a lot a business to grow in this competitive market.&lt;/p&gt;
&lt;p class="MsoListParagraph" style="text-align: justify; text-indent: -.25in; mso-list: l1 level1 lfo2;"&gt;&lt;!-- [if !supportLists]--&gt;&lt;span style="font-family: Symbol; mso-fareast-font-family: Symbol; mso-bidi-font-family: Symbol;"&gt;&amp;middot;&lt;span style="font-stretch: normal; font-size: 7pt; line-height: normal; font-family: 'Times New Roman';"&gt;&amp;nbsp;&amp;nbsp;&amp;nbsp;&amp;nbsp;&amp;nbsp;&amp;nbsp;&amp;nbsp;&amp;nbsp; &lt;/span&gt;&lt;/span&gt;&lt;!--[endif]--&gt;&lt;strong&gt;Overall business growth:&lt;/strong&gt;&lt;/p&gt;
&lt;p class="MsoNormal" style="text-align: justify;"&gt;As the business have adapted the concept of outsourcing, it can be seen that there is increase in the productivity, customer satisfaction, level in the quality, business standards and the profit.&lt;/p&gt;</description>
      <link>https://theonetechnologies.com/blog/post/outsourcing-to-india</link>
      <author>info@theonetechnologies.com</author>
      <comments>https://theonetechnologies.com/blog/post/outsourcing-to-india#comment</comments>
      <guid>https://theonetechnologies.com/blog/post.aspx?id=fa8fd751-3d32-44f8-b0bf-a5e8ff0cfef5</guid>
      <pubDate>Tue, 7 Jul 2015 06:37:00 +0000</pubDate>
      <category>ASP.NET</category>
      <category>Facebook</category>
      <category>Google API</category>
      <category>IIS</category>
      <category>LinkedIn API</category>
      <category>MySQL</category>
      <category>Small Business</category>
      <category>Software Outsourcing</category>
      <category>SQL Server</category>
      <category>uCommerce</category>
      <category>Umbraco</category>
      <category>Visual Studio</category>
      <category>Web Design</category>
      <dc:publisher>Admin</dc:publisher>
      <pingback:server>https://theonetechnologies.com/blog/pingback.axd</pingback:server>
      <pingback:target>https://theonetechnologies.com/blog/post.aspx?id=fa8fd751-3d32-44f8-b0bf-a5e8ff0cfef5</pingback:target>
      <slash:comments>0</slash:comments>
      <trackback:ping>https://theonetechnologies.com/blog/trackback.axd?id=fa8fd751-3d32-44f8-b0bf-a5e8ff0cfef5</trackback:ping>
      <wfw:comment>https://theonetechnologies.com/blog/post/outsourcing-to-india#comment</wfw:comment>
      <wfw:commentRss>https://theonetechnologies.com/blog/syndication.axd?post=fa8fd751-3d32-44f8-b0bf-a5e8ff0cfef5</wfw:commentRss>
    </item>
    <item>
      <title>ASP.NET - Signin with Google plus using Google Plus API - Part 2</title>
      <description>&lt;p&gt;In previous blog post &lt;a href="https://theonetechnologies.com/blog/post/asp-net-signin-with-google-plus-using-google-plus-api-part-1"&gt;Login with Google Plus API in ASP.Net website&lt;/a&gt;, we looked at how to configure application in Google API Console.&lt;/p&gt;
&lt;p&gt;In this post, we are going to use clientId obtained from google API console and create an asp.net signin page to use user's google plus email. Lets first create few basic classes which we can use to deserialize the JSON responses we get from google api calls.&lt;/p&gt;
&lt;h2&gt;Classes to hold deserialized JSON data from Google Plus&lt;/h2&gt;
&lt;pre class="brush: c-sharp;"&gt;public class GoogleEmail
{
    public Data data { get; set; }
}

public class Data
{   
    public string email { get; set; }
}&lt;/pre&gt;
&lt;p&gt;&amp;nbsp;&lt;/p&gt;
&lt;h2&gt;Login page to show Google+ Login button&lt;/h2&gt;
&lt;p&gt;This page holds the Google Plus Sign In button, clicking on which user will be presented with Google Plus Signin dialog screen.&lt;/p&gt;
&lt;ul&gt;
&lt;li&gt;In Head section of this page place the reference of plusone api javascript file.&lt;/li&gt;
&lt;li&gt;Inside body place the button with google+ client api attributes. Be sure to use your Application ClientId for the data-clientid attribute.&lt;/li&gt;
&lt;li&gt;Javascript function to handle the SignIn callback we get as a result from Google+ signin dialog. If user authenticates with google+ successfully, we will get an Access Token. We pass this access token to our second asp.net page.&lt;/li&gt;
&lt;/ul&gt;
&lt;pre class="brush: xml;"&gt;&amp;lt;head&amp;gt;
    &amp;lt;script type="text/javascript"&amp;gt;
        (function () {
            var po = document.createElement('script');
            po.type = 'text/javascript'; po.async = true;
            po.src = 'https://plus.google.com/js/client:plusone.js';
            var s = document.getElementsByTagName('script')[0];
            s.parentNode.insertBefore(po, s);
        })();
    &amp;lt;/script&amp;gt;
&amp;lt;/head&amp;gt;
&amp;lt;body&amp;gt;
    &amp;lt;div id="gConnect"&amp;gt;
        &amp;lt;button class="g-signin" 
            data-scope="https://www.googleapis.com/auth/plus.login  https://www.googleapis.com/auth/userinfo.email "
            data-requestvisibleactions="http://schemas.google.com/AddActivity" 
            data-clientid="[YOUR APPLICATION CLIENT ID HERE]"
            data-accesstype="offline" 
            data-callback="onSignInCallback" 
            data-theme="dark"
            data-cookiepolicy="single_host_origin"&amp;gt;
        &amp;lt;/button&amp;gt;
    &amp;lt;/div&amp;gt;
    &amp;lt;script type="text/javascript"&amp;gt;
        /**
        * Calls the helper method that handles the authentication flow.
        *
        * @param {Object} authResult An Object which contains the access token and
        *   other authentication information.
        */
        function onSignInCallback(authResult) {
            if (authResult['access_token']) {
                // The user is signed in
                var loc = '/callback.aspx?accessToken=' + authResult['access_token'];
                window.location.href = loc;
            } else if (authResult['error']) {
                // There was an error, which means the user is not signed in.
                // As an example, you can troubleshoot by writing to the console:
                alert('There was an error: ' + authResult['error']);
            }
            //console.log('authResult', authResult);
        }
    &amp;lt;/script&amp;gt;
&amp;lt;/body&amp;gt;&lt;/pre&gt;
&lt;p&gt;&amp;nbsp;&lt;/p&gt;
&lt;h2&gt;Code for callback.aspx&lt;/h2&gt;
&lt;p&gt;As we passed the access token from the first page in querystring, we can use that here to make an API call to Google+ userinfo/email method to retrieve the user's email address. Using JavaScriptSerializer class we can deserialize the json string into the .net classes we created in first step.&lt;/p&gt;
&lt;pre class="brush: c-sharp;"&gt;public partial class callback : System.Web.UI.Page
{
    protected void Page_Load(object sender, EventArgs e)
    {
        if (string.IsNullOrEmpty(Request.QueryString["access_token"])) return; 

        //let's send an http-request to Google+ API using the token           
        string json = GetGoogleUserJSON(Request.QueryString["access_token"]);

        //and Deserialize the JSON response
        JavaScriptSerializer js = new JavaScriptSerializer();
        GoogleEmail oUser = js.Deserialize&amp;lt;GoogleEmail&amp;gt;(json);

        if (oUser != null)
        {
            Response.Write("Welcome, " + oUser.data.email);
        }
    }

    /// &amp;lt;summary&amp;gt;
    /// sends http-request to Google+ API and returns the response string
    /// &amp;lt;/summary&amp;gt;
    private string GetGoogleUserJSON(string access_token)
    {
        string url = "https://www.googleapis.com/userinfo/email?alt=json";

        WebClient wc = new WebClient();
        wc.Headers.Add("Authorization", "OAuth " + Request.QueryString["accessToken"]);
        Stream data = wc.OpenRead(url);
        StreamReader reader = new StreamReader(data);
        string retirnedJson = reader.ReadToEnd();
        data.Close();
        reader.Close();

        return retirnedJson;
    }
}&lt;/pre&gt;
&lt;p&gt;If you are looking for expert and &lt;a href="https://theonetechnologies.com/blog/software-outsourcing-services/aspnet-web-development.aspx"&gt;talented ASP.Net Programmers&lt;/a&gt; to integrate different social media APIs into your existing website &lt;a href="https://theonetechnologies.com/blog/contact.aspx"&gt;contact us&lt;/a&gt; to &lt;a href="https://theonetechnologies.com/blog/software-outsourcing-services/aspnet-web-development.aspx"&gt;Hire ASP.Net Developer&lt;/a&gt;.&lt;/p&gt;
&lt;p&gt;You can take a look at the &lt;a title="Demo - SignIn with Google+ " href="https://theonetechnologies.com/blog/social-media-api-demo/"&gt;Demo - SignIn with Google+ in ASP.NET&lt;/a&gt;.&lt;/p&gt;</description>
      <link>https://theonetechnologies.com/blog/post/aspnet-signin-with-google-plus-using-google-plus-api-part-2</link>
      <author>info@theonetechnologies.com</author>
      <comments>https://theonetechnologies.com/blog/post/aspnet-signin-with-google-plus-using-google-plus-api-part-2#comment</comments>
      <guid>https://theonetechnologies.com/blog/post.aspx?id=ab586a3c-a409-4f73-b5ea-aff685636135</guid>
      <pubDate>Fri, 16 Aug 2013 04:52:00 +0000</pubDate>
      <category>ASP.NET</category>
      <category>Google API</category>
      <betag:tag>Google API</betag:tag>
      <betag:tag>Google Plus API</betag:tag>
      <betag:tag>Login in with Google</betag:tag>
      <betag:tag>gmail</betag:tag>
      <betag:tag>.Net 2.0</betag:tag>
      <dc:publisher>Admin</dc:publisher>
      <pingback:server>https://theonetechnologies.com/blog/pingback.axd</pingback:server>
      <pingback:target>https://theonetechnologies.com/blog/post.aspx?id=ab586a3c-a409-4f73-b5ea-aff685636135</pingback:target>
      <slash:comments>2</slash:comments>
      <trackback:ping>https://theonetechnologies.com/blog/trackback.axd?id=ab586a3c-a409-4f73-b5ea-aff685636135</trackback:ping>
      <wfw:comment>https://theonetechnologies.com/blog/post/aspnet-signin-with-google-plus-using-google-plus-api-part-2#comment</wfw:comment>
      <wfw:commentRss>https://theonetechnologies.com/blog/syndication.axd?post=ab586a3c-a409-4f73-b5ea-aff685636135</wfw:commentRss>
    </item>
    <item>
      <title>ASP.NET - Signin with Google plus using Google Plus API - Part 1</title>
      <description>&lt;p&gt;The user base of google+ is increasing steadily. No doubt, Facebook, Twitter and LinkedIn are Giants of Social networks, each of them provides API to integrate sign-in with websites. Recently Google plus has joined that band wagon.&lt;/p&gt;
&lt;p&gt;Previously Google was allowing to &lt;strong&gt;login in with Google account&lt;/strong&gt; which is quite similar. However using this new &lt;strong&gt;sign in with Google plus&lt;/strong&gt; account, website owners has added advantage to access the google plus user information like Profile, circles posts by users and other Google plus Features on the website.&lt;/p&gt;
&lt;h2&gt;Lets take a look How to use Google plus Signin in Asp.net with Google Plus API&lt;/h2&gt;
&lt;p&gt;&lt;a title="Google API console" href="https://code.google.com/apis/console" target="_blank"&gt;Login to Google API Console&lt;/a&gt; and 'create' an application to get ClientID and Client Secret:&lt;/p&gt;
&lt;p&gt;&lt;img src="https://theonetechnologies.com/blog/image.axd?picture=2013%2f7%2fgoogle-console-create-app.png" alt="Google plus API Console" /&gt;&lt;/p&gt;
&lt;p&gt;&amp;nbsp;&lt;/p&gt;
&lt;p&gt;Once the application has been created, select the API Access tab and click on 'Create an OAuth 2.0 client ID'.&lt;/p&gt;
&lt;p&gt;&lt;img src="https://theonetechnologies.com/blog/image.axd?picture=2013%2f7%2fgoogle-oauth-clientid.png" alt="Google plus API OAuth 2.0" /&gt;&lt;/p&gt;
&lt;p&gt;&amp;nbsp;&lt;/p&gt;
&lt;p&gt;Provide the name of your application, add the Homepage URL of your website on which you are going to use this Sign in feature and click Next&lt;/p&gt;
&lt;p&gt;&lt;img src="https://theonetechnologies.com/blog/image.axd?picture=2013%2f7%2fgoogle-app-branding-info.png" alt="Google plus API Application Branding" /&gt;&lt;/p&gt;
&lt;p&gt;&amp;nbsp;&lt;/p&gt;
&lt;p&gt;Specify the callback URL, click the 'more options' link in the dialog and specify the redirect URL. You can add multiple URLs per line:&lt;/p&gt;
&lt;p&gt;&lt;img src="https://theonetechnologies.com/blog/image.axd?picture=2013%2f7%2fgoogle-app-type.png" alt="Google plus API Application Type" /&gt;&lt;/p&gt;
&lt;p&gt;&amp;nbsp;&lt;/p&gt;
&lt;p&gt;You can also click 'Edit Settings' later on add multiple Redirect URLs if you wish&lt;/p&gt;
&lt;p&gt;&lt;img src="https://theonetechnologies.com/blog/image.axd?picture=2013%2f7%2fgoogle-oauth-redirect-urls.png" alt="Google plus API Redirect URLs" /&gt;&lt;/p&gt;
&lt;p&gt;&amp;nbsp;&lt;/p&gt;
&lt;p&gt;Once done you can click on the 'Create client ID' button. Note down the Client ID and Client secret which needs to be used in the asp.net code.&lt;/p&gt;
&lt;p&gt;&lt;img src="https://theonetechnologies.com/blog/image.axd?picture=2013%2f7%2fgoogle-plus-app-clientid.png" alt="Google plus API Client ID" /&gt;&lt;/p&gt;
&lt;p&gt;&amp;nbsp;&lt;/p&gt;
&lt;p&gt;Stay tuned for next part of this blog for actual &lt;strong&gt;asp.net website integration with google plus API for sign in with Google Plus&lt;/strong&gt;&lt;/p&gt;
&lt;p&gt;&lt;strong&gt;Updates:&lt;/strong&gt;&lt;/p&gt;
&lt;p&gt;You can read now &lt;a href="https://theonetechnologies.com/blog/post/aspnet-signin-with-google-plus-using-google-plus-api-part-2"&gt;Asp.net Login with Google+ Part 2&lt;/a&gt;&lt;/p&gt;
&lt;p&gt;You can take a look at the &lt;a title="Demo - SignIn with Google+" href="https://theonetechnologies.com/blog/social-media-api-demo/"&gt;Demo - SignIn with Google+ in ASP.NET&lt;/a&gt;.&lt;/p&gt;</description>
      <link>https://theonetechnologies.com/blog/post/asp-net-signin-with-google-plus-using-google-plus-api-part-1</link>
      <author>info@theonetechnologies.com</author>
      <comments>https://theonetechnologies.com/blog/post/asp-net-signin-with-google-plus-using-google-plus-api-part-1#comment</comments>
      <guid>https://theonetechnologies.com/blog/post.aspx?id=cb250113-4a2a-40a9-b505-63c598c60830</guid>
      <pubDate>Sat, 6 Jul 2013 05:38:00 +0000</pubDate>
      <category>Google API</category>
      <betag:tag>Login in with Google</betag:tag>
      <betag:tag>Google API</betag:tag>
      <betag:tag>Google Plus API</betag:tag>
      <betag:tag>sign in with Google plus</betag:tag>
      <betag:tag>asp.net</betag:tag>
      <betag:tag>Website</betag:tag>
      <dc:publisher>Admin</dc:publisher>
      <pingback:server>https://theonetechnologies.com/blog/pingback.axd</pingback:server>
      <pingback:target>https://theonetechnologies.com/blog/post.aspx?id=cb250113-4a2a-40a9-b505-63c598c60830</pingback:target>
      <slash:comments>2</slash:comments>
      <trackback:ping>https://theonetechnologies.com/blog/trackback.axd?id=cb250113-4a2a-40a9-b505-63c598c60830</trackback:ping>
      <wfw:comment>https://theonetechnologies.com/blog/post/asp-net-signin-with-google-plus-using-google-plus-api-part-1#comment</wfw:comment>
      <wfw:commentRss>https://theonetechnologies.com/blog/syndication.axd?post=cb250113-4a2a-40a9-b505-63c598c60830</wfw:commentRss>
    </item>
  </channel>
</rss>